Feature,Importance
trip_distance,8.08517847608668
airport_pickup,0.6806022715697331
hour_cos,0.6365632815391086
pickup_borough,0.2788430374777599
dropoff_zone,0.11682504125083248
pickup_hour,0.11456012640425683
hour_sin,0.1067119072175382
day_sin,0.10111227451599518
month,0.09292003188025007
DOLocationID,0.08815513218233625
pickup_zone,0.06916187975918806
PULocationID,0.050833085656308084
same_borough,0.03338446103409094
day_cos,0.032580368514148715
RatecodeID,0.030682102993218587
day_of_week,0.02723537727040153
dropoff_borough,0.01622644023037285
airport_dropoff,0.01463737383029624
passenger_count,0.0047743253153296195
store_and_fwd_flag,1.4146756430477581e-05
tpep_pickup_datetime,0.0
source_file,0.0
payment_type,0.0
mta_tax,0.0
is_weekend,0.0
is_night,0.0
is_peak_hour,0.0
VendorID,-0.01412684389124692
