Customer_Age,Income,Total_Spending,Recency,Customer_Tenure,Family_Size,Total_Children,Purchase_Frequency,Accepted_Campaigns,NumWebPurchases,NumStorePurchases,NumCatalogPurchases,Cluster
69,58138.0,1617,58,4867,2,0,22,1,8,4,10,1
72,46344.0,27,38,4317,4,2,4,0,1,2,1,0
61,71613.0,776,26,4516,2,0,20,0,8,10,2,1
42,26646.0,53,26,4343,3,1,6,0,2,4,0,0
45,58293.0,422,94,4365,3,1,14,0,5,6,3,0
59,62513.0,716,16,4497,3,1,20,0,6,10,4,1
55,55635.0,590,34,4797,3,1,17,0,7,7,3,1
41,33454.0,169,32,4621,3,1,8,0,4,4,0,0
52,30351.0,46,19,4592,3,1,5,1,3,2,0,0
76,5648.0,49,68,4312,4,2,1,1,1,0,0,1
43,51381.5,19,11,4430,3,1,3,0,1,2,0,0
50,7500.0,61,59,4797,2,0,5,0,2,3,0,0
67,63033.0,1102,82,4430,2,0,15,0,3,8,4,1
74,59354.0,310,53,4430,4,2,12,0,6,5,1,0
39,17323.0,46,38,4831,2,0,4,0,1,3,0,0
80,82800.0,1315,23,4786,2,0,25,3,7,12,6,1
46,41850.0,96,51,4756,4,2,6,0,3,3,0,0
80,37760.0,317,20,4871,2,0,11,0,4,6,1,0
77,76995.0,1782,91,4662,3,1,24,1,11,9,4,1
41,33812.0,133,86,4807,3,1,6,0,2,3,1,0
44,37040.0,316,41,4894,2,0,11,0,4,5,2,0
47,2447.0,1730,42,4743,3,1,28,0,0,0,28,1
77,58607.0,972,63,4757,3,1,14,1,2,9,3,1
72,65324.0,544,0,4373,3,1,17,0,6,9,2,1
75,40689.0,444,69,4672,3,1,13,0,7,5,1,1
57,18589.0,75,89,4747,2,0,6,0,2,3,1,0
50,53359.0,257,4,4602,4,2,10,0,5,4,1,0
40,51381.5,637,19,4698,3,1,27,0,27,0,0,1
37,38360.0,131,26,4598,3,1,7,0,2,4,1,0
61,84618.0,1672,96,4423,2,0,25,1,6,10,9,1
37,10979.0,30,34,4242,2,0,6,0,3,3,0,0
63,38620.0,318,56,4618,2,0,10,0,2,3,5,1
56,40548.0,120,31,4831,3,1,7,1,2,4,1,0
74,46610.0,302,8,4812,4,2,11,1,4,6,1,0
80,68657.0,1196,4,4698,2,0,17,0,3,9,5,1
75,49389.0,65,55,4508,4,2,5,0,2,3,0,0
56,67353.0,913,37,4384,3,1,23,0,5,12,6,1
50,23718.0,81,76,4504,3,1,6,0,3,2,1,0
53,42429.0,67,99,4342,3,1,5,0,1,3,1,0
83,48948.0,902,53,4717,2,0,22,2,7,5,10,1
46,80011.0,1395,3,4630,3,1,19,0,8,5,6,1
41,20559.0,53,88,4678,3,1,5,0,2,3,0,0
69,21994.0,22,4,4756,3,1,3,0,0,3,0,0
67,51381.5,186,80,4440,2,0,8,0,1,4,3,1
51,7500.0,31,19,4474,3,1,5,0,2,3,0,0
50,79941.0,984,72,4205,2,0,15,0,2,9,4,1
30,7500.0,122,24,4801,2,0,7,1,3,3,1,0
58,41728.0,55,92,4605,3,1,4,0,2,2,0,0
75,51381.5,124,96,4383,5,3,7,0,2,4,1,0
72,72550.0,1319,39,4802,4,2,19,0,5,12,2,1
69,65486.0,507,29,4252,3,1,16,0,4,10,2,1
62,79143.0,1693,2,4891,2,0,28,0,6,13,9,1
49,35790.0,72,54,4747,3,1,5,0,2,3,0,0
49,82582.0,1617,54,4226,2,0,20,3,4,7,9,1
48,66373.0,606,57,4586,4,2,16,0,4,10,2,1
71,82384.0,1957,55,4791,2,0,26,2,3,13,10,1
60,70287.0,1093,30,4657,2,0,20,1,5,10,5,1
38,27938.0,29,31,4266,3,1,5,0,1,4,0,0
44,51381.5,46,57,4581,3,1,5,0,2,3,0,0
58,55954.0,518,63,4322,3,1,16,0,8,6,2,1
44,75777.0,1438,12,4564,2,0,20,3,3,11,6,1
51,66653.0,612,18,4864,4,2,18,0,4,12,2,1
74,61823.0,884,26,4700,3,1,20,0,8,10,2,1
75,67680.0,606,8,4587,3,1,18,0,7,8,3,1
78,70666.0,1076,29,4409,2,0,15,0,7,4,4,1
55,25721.0,34,75,4608,3,1,4,1,1,2,1,0
59,32474.0,11,0,4253,4,2,3,0,1,2,0,0
47,88194.0,1274,19,4306,3,1,31,3,11,10,10,1
68,69096.0,653,4,4479,3,1,17,0,5,10,2,1
56,74854.0,1562,90,4651,5,3,12,0,2,5,5,1
72,66991.0,1253,1,4860,2,0,18,0,4,6,8,1
53,51381.5,109,25,4857,3,1,6,0,3,3,0,0
67,65031.0,863,29,4673,3,1,26,0,10,13,3,1
51,60631.0,661,88,4654,4,2,19,1,9,8,2,1
74,28332.0,65,58,4264,2,0,7,0,2,4,1,0
49,40246.0,13,68,4761,3,1,3,0,1,2,0,0
54,75251.0,1890,34,4875,2,0,18,1,7,5,6,1
50,75825.0,2209,40,4829,2,0,22,2,5,9,8,1
50,26326.0,18,12,4502,2,0,3,0,0,3,0,0
61,56046.0,692,9,4747,2,0,19,2,10,8,1,1
41,29760.0,165,87,4873,3,1,8,0,3,4,1,0
57,26304.0,16,5,4575,3,1,3,0,1,2,0,0
53,23559.0,79,87,4565,3,1,6,0,3,3,0,0
63,38620.0,318,56,4618,2,0,10,0,2,3,5,1
39,81361.0,778,18,4328,2,0,26,0,3,13,10,1
66,29440.0,56,95,4526,4,2,5,0,1,4,0,0
56,36138.0,151,48,4552,4,2,8,1,3,4,1,0
69,50388.0,372,3,4236,3,1,13,3,6,6,1,1
53,79593.0,1366,70,4252,2,0,18,1,5,7,6,1
59,54178.0,194,79,4363,3,1,9,0,2,5,2,0
69,51381.5,603,4,4791,5,3,17,0,7,8,2,1
69,51381.5,18,45,4237,4,2,3,0,1,2,0,0
53,51381.5,985,87,4422,2,0,14,0,2,8,4,1
54,42394.0,32,69,4302,3,1,4,0,1,3,0,0
56,23626.0,43,84,4240,3,1,7,0,3,3,1,0
43,30096.0,45,30,4242,3,1,5,0,2,3,0,0
66,47916.0,606,72,4788,3,1,17,1,7,6,4,1
54,51813.0,63,37,4648,4,2,5,0,2,3,0,0
75,78497.0,978,44,4414,2,0,24,1,5,12,7,1
43,50150.0,410,32,4578,2,0,14,0,5,7,2,0
66,47823.0,72,0,4545,3,1,5,0,2,3,0,0
67,34554.0,55,43,4295,3,1,5,0,2,3,0,0
47,85693.0,1169,59,4639,3,1,25,0,9,11,5,1
81,65846.0,1120,68,4612,2,0,15,0,6,6,3,1
67,87195.0,1097,35,4256,2,0,19,1,3,5,11,1
47,24594.0,29,94,4405,3,1,4,0,1,3,0,0
62,49096.0,187,15,4482,4,2,9,0,4,4,1,0
57,52413.0,910,56,4716,4,2,22,0,6,12,4,1
48,38557.0,145,17,4761,3,1,7,0,3,3,1,0
66,89058.0,850,18,4773,2,0,13,0,5,4,4,1
47,77298.0,969,46,4443,3,1,23,0,6,11,6,1
35,68126.0,1820,40,4800,2,0,16,2,7,5,4,1
63,57288.0,608,27,4208,3,1,17,1,8,8,1,1
35,86037.0,730,95,4747,2,0,24,3,6,11,7,1
46,43974.0,551,19,4768,3,1,16,0,6,6,4,1
64,50785.0,114,27,4496,4,2,6,0,2,3,1,0
56,90765.0,1724,25,4360,2,0,15,2,4,5,6,1
48,36550.0,577,74,4699,3,1,15,0,9,5,1,1
59,30753.0,81,85,4557,4,2,5,0,1,3,1,0
57,21918.0,33,37,4431,3,1,5,0,2,3,0,0
73,56129.0,660,65,4578,3,1,18,0,6,10,2,1
59,32557.0,80,13,4329,3,1,6,1,2,3,1,0
41,19510.0,30,63,4502,4,2,4,0,1,3,0,0
50,30992.0,43,83,4637,3,1,4,0,1,3,0,0
43,101970.0,1135,69,4678,2,0,27,4,6,13,8,1
61,71488.0,559,87,4700,2,0,14,0,3,7,4,1
42,79607.0,1923,37,4638,2,0,15,1,3,6,6,1
73,54348.0,90,51,4225,4,2,6,0,2,4,0,0
65,51381.5,404,23,4557,3,1,14,0,6,7,1,0
70,77376.0,661,72,4254,4,2,19,0,6,10,3,1
74,62998.0,463,10,4476,3,1,14,0,5,5,4,1
68,61331.0,632,42,4680,4,2,18,0,11,6,1,1
57,73448.0,725,10,4343,2,0,18,0,7,9,2,1
63,51381.5,725,96,4526,3,1,18,0,6,7,5,1
62,41551.0,279,51,4523,4,2,11,0,5,5,1,0
59,62981.0,1482,21,4673,2,0,22,1,4,13,5,1
50,9548.0,29,31,4894,3,1,4,0,1,3,0,0
67,33762.0,106,61,4561,5,3,6,0,2,2,2,0
53,35860.0,49,37,4245,4,2,4,2,1,2,1,0
61,36921.0,38,74,4540,4,2,5,0,2,3,0,0
34,92859.0,2077,46,4822,2,0,21,0,5,12,4,1
50,65104.0,1053,4,4431,3,1,15,1,3,7,5,1
64,86111.0,1385,73,4640,2,0,22,0,5,10,7,1
52,68352.0,871,47,4509,3,1,22,0,8,9,5,1
38,41883.0,312,13,4671,3,1,9,0,4,3,2,0
50,59809.0,877,36,4823,4,2,12,0,3,6,3,1
51,23957.0,68,47,4813,3,1,5,1,2,3,0,0
45,38547.0,22,49,4509,3,1,3,0,1,2,0,0
53,35688.0,211,94,4880,5,3,9,0,4,4,1,0
60,49605.0,127,65,4212,2,0,7,0,2,4,1,0
73,59354.0,459,59,4270,4,2,15,0,4,7,4,1
57,65747.0,460,96,4318,3,1,15,1,8,6,1,1
54,46344.0,429,28,4766,3,1,13,0,7,5,1,0
38,34176.0,89,12,4252,3,1,7,0,3,4,0,0
74,61010.0,1021,57,4832,3,1,24,0,8,11,5,1
77,69372.0,1381,10,4699,2,0,20,3,10,6,4,1
68,49967.0,306,4,4560,3,1,12,0,6,5,1,0
48,60199.0,18,49,4494,5,3,3,0,0,3,0,0
49,55375.0,162,3,4459,3,1,8,0,1,6,1,0
71,80317.0,1231,64,4517,2,0,17,0,3,10,4,1
68,30523.0,13,0,4567,5,3,3,0,1,2,0,0
81,70356.0,1706,20,4805,2,0,25,0,10,9,6,1
42,23228.0,121,91,4379,3,1,7,0,3,4,0,0
51,74165.0,1293,9,4628,2,0,19,0,5,10,4,1
53,157243.0,1608,98,4324,3,1,22,0,0,0,22,1
60,43482.0,88,83,4432,5,3,6,0,2,4,0,0
73,62551.0,421,27,4427,2,0,17,1,6,4,7,1
67,52332.0,259,63,4509,2,0,11,1,3,6,2,0
38,66951.0,1117,46,4443,2,0,14,0,3,7,4,1
69,26091.0,89,84,4328,4,2,6,0,2,3,1,0
61,33456.0,36,58,4273,4,2,4,0,1,3,0,0
44,28718.0,57,78,4555,3,1,5,0,2,3,0,0
56,50447.0,148,4,4273,4,2,7,0,3,3,1,0
67,53537.0,93,17,4354,4,2,6,0,2,3,1,0
59,52074.0,119,77,4290,3,1,6,1,2,2,2,0
51,80427.0,1835,56,4859,3,1,27,0,11,8,8,1
78,83837.0,1318,79,4764,2,0,24,3,9,5,10,1
56,38853.0,45,90,4241,4,2,5,0,2,3,0,0
67,38285.0,10,96,4209,5,3,3,0,0,3,0,0
75,78497.0,978,44,4414,2,0,24,1,5,12,7,1
50,51650.0,191,81,4253,3,1,9,0,4,4,1,0
38,16248.0,57,77,4254,3,1,6,0,2,3,1,0
80,66835.0,1033,21,4478,2,0,23,0,6,13,4,1
42,30477.0,66,16,4362,3,1,5,0,1,3,1,0
65,28249.0,43,80,4218,2,0,5,0,2,3,0,0
43,25271.0,50,45,4775,3,1,4,0,1,2,1,0
56,32303.0,39,63,4317,3,1,5,0,1,4,0,0
60,61286.0,608,34,4535,3,1,16,0,7,8,1,1
50,74068.0,1581,14,4671,2,0,23,0,4,9,10,1
62,45759.0,68,13,4695,4,2,5,0,2,3,0,0
48,24882.0,80,52,4862,3,1,4,1,1,2,1,0
37,66973.0,1282,98,4612,2,0,27,0,8,12,7,1
126,36640.0,65,99,4480,3,1,5,0,2,2,1,0
38,38872.0,91,93,4599,3,1,6,0,3,3,0,0
53,51148.0,315,38,4700,4,2,12,0,5,6,1,0
49,31353.0,31,24,4386,4,2,4,0,1,2,1,0
46,69661.0,834,80,4251,2,0,22,0,7,12,3,1
72,80067.0,1600,82,4487,2,0,16,1,4,6,6,1
72,86718.0,1270,20,4732,2,0,16,0,5,5,6,1
53,46854.0,263,81,4294,4,2,9,2,5,3,1,1
74,69142.0,535,50,4204,3,1,16,1,8,7,1,1
58,75922.0,1295,60,4406,2,0,17,0,4,9,4,1
48,63693.0,1150,63,4462,3,1,26,0,11,9,6,1
49,102160.0,1240,54,4808,2,0,26,4,7,10,9,1
61,40637.0,38,72,4551,4,2,4,0,1,3,0,0
42,18890.0,35,5,4800,2,0,3,2,0,2,1,0
38,29604.0,53,88,4407,3,1,4,1,1,3,0,0
63,48721.0,293,50,4616,4,2,11,0,4,5,2,0
60,44794.0,65,99,4225,3,1,5,0,2,3,0,0
72,64497.0,1804,17,4861,3,1,24,2,11,9,4,1
70,46097.0,241,11,4659,3,1,10,0,3,6,1,0
72,77972.0,1101,18,4307,2,0,19,0,4,9,6,1
58,44377.0,264,70,4836,4,2,11,0,5,5,1,0
52,46014.0,541,21,4728,4,2,16,0,7,8,1,1
41,70951.0,1198,66,4625,2,0,16,0,3,9,4,1
49,41443.0,482,79,4293,3,1,14,0,8,5,1,1
48,52195.0,17,2,4252,5,3,3,0,1,2,0,0
78,83790.0,1615,81,4430,2,0,24,2,8,6,10,1
72,44551.0,285,24,4506,3,1,10,0,4,5,1,0
46,69508.0,1135,48,4796,3,1,26,0,11,11,4,1
38,45204.0,114,93,4283,3,1,6,0,1,4,1,0
57,72460.0,1047,56,4431,2,0,15,0,3,7,5,1
56,77622.0,714,3,4280,4,2,20,0,6,11,3,1
46,30732.0,185,44,4744,3,1,9,0,4,4,1,0
64,63887.0,1245,38,4863,3,1,27,0,9,12,6,1
48,42011.0,189,46,4664,3,1,8,0,3,4,1,0
50,51369.0,576,84,4816,3,1,14,0,8,4,2,1
74,51537.0,1103,27,4771,3,1,15,0,2,11,2,1
54,79930.0,1753,72,4894,2,0,16,0,3,8,5,1
40,34320.0,17,66,4337,3,1,3,0,1,2,0,0
60,37070.0,433,30,4670,4,2,14,1,5,8,1,1
64,81975.0,1588,2,4744,3,1,13,1,6,4,3,1
55,38590.0,22,65,4614,3,1,3,0,1,2,0,0
75,15033.0,19,37,4278,2,0,4,0,1,3,0,0
61,62745.0,1117,89,4667,3,1,26,0,7,11,8,1
51,22212.0,69,49,4406,3,1,6,0,2,4,0,0
44,23661.0,23,46,4411,3,1,4,0,1,3,0,0
68,79761.0,605,32,4472,3,1,18,0,5,11,2,1
53,7500.0,57,54,4389,3,1,7,0,3,3,1,0
133,60182.0,22,23,4247,3,1,3,0,1,2,0,0
58,73455.0,2088,98,4448,2,0,21,1,6,10,5,1
68,64961.0,1009,97,4757,3,1,14,0,6,4,4,1
55,22804.0,26,75,4537,3,1,4,0,2,2,0,0
36,73687.0,1627,8,4417,2,0,21,2,3,9,9,1
68,61074.0,1102,37,4885,3,1,24,0,11,8,5,1
62,31686.0,17,31,4228,4,2,4,0,1,3,0,0
54,80134.0,1690,40,4609,3,1,14,4,5,6,3,1
73,75027.0,1390,74,4740,3,1,19,0,9,6,4,1
38,67546.0,2126,90,4871,2,0,19,0,4,5,10,1
57,65176.0,1531,57,4812,3,1,21,0,9,6,6,1
51,31160.0,64,59,4490,3,1,5,0,2,3,0,0
41,29938.0,26,52,4449,3,1,4,0,1,3,0,0
52,102692.0,1112,5,4654,2,0,28,5,6,13,9,1
68,26490.0,210,92,4849,2,0,9,0,3,5,1,0
59,75702.0,1148,77,4873,4,2,21,0,4,11,6,1
52,30899.0,33,35,4828,3,1,4,0,1,3,0,0
65,63342.0,1101,48,4825,3,1,16,1,8,5,3,1
62,45989.0,322,97,4819,3,1,12,0,3,7,2,0
62,18701.0,44,95,4594,4,2,6,0,2,4,0,0
69,40737.0,17,24,4407,5,3,3,0,1,2,0,0
47,15287.0,31,60,4831,3,1,4,2,1,2,1,0
58,69674.0,845,46,4607,4,2,22,0,10,10,2,1
56,44159.0,275,85,4216,3,1,11,0,4,6,1,0
48,37717.0,25,31,4787,3,1,3,0,1,2,0,0
74,43776.0,275,9,4715,4,2,11,1,5,4,2,0
60,38179.0,90,30,4676,4,2,7,0,3,3,1,0
63,80124.0,1495,47,4207,2,0,18,1,3,8,7,1
56,38097.0,184,70,4826,4,2,7,2,3,2,2,0
56,72940.0,981,13,4579,2,0,12,0,3,6,3,1
56,22070.0,67,11,4472,3,1,6,0,2,2,2,0
73,69267.0,1635,31,4849,2,0,12,1,3,5,4,1
43,31788.0,60,15,4305,3,1,7,0,3,4,0,0
51,61905.0,231,2,4349,3,1,10,0,4,4,2,0
66,29315.0,48,55,4288,4,2,6,0,2,4,0,0
63,33378.0,99,38,4712,4,2,6,0,2,4,0,0
63,66313.0,770,86,4490,3,1,21,0,6,12,3,1
70,60714.0,957,56,4732,2,0,21,1,7,10,4,1
45,77882.0,818,29,4264,2,0,11,0,3,5,3,1
40,69867.0,925,30,4657,2,0,16,2,3,8,5,1
58,63841.0,908,64,4638,3,1,21,0,9,9,3,1
45,24480.0,102,46,4707,3,1,7,0,3,4,0,0
50,51369.0,576,84,4816,3,1,14,0,8,4,2,1
80,37760.0,317,20,4871,2,0,11,0,4,6,1,0
52,65640.0,461,74,4324,3,1,14,0,5,8,1,1
51,44319.0,37,18,4277,4,2,5,0,2,3,0,0
52,30631.0,70,75,4556,3,1,6,0,3,2,1,0
74,75278.0,930,17,4720,2,0,22,0,6,13,3,1
70,50898.0,859,88,4741,4,2,20,0,6,12,2,1
60,79946.0,1478,19,4252,2,0,21,0,5,5,11,1
77,35416.0,390,62,4585,2,0,13,0,7,5,1,0
42,32414.0,52,11,4564,2,0,4,1,1,3,0,0
57,38361.0,137,74,4388,3,1,7,0,3,3,1,0
46,82497.0,1919,32,4810,2,0,18,1,2,9,7,1
55,16626.0,68,76,4369,4,2,6,0,3,3,0,0
61,29672.0,25,6,4678,4,2,3,0,0,3,0,0
74,55951.0,1374,62,4879,3,1,20,2,3,11,6,1
38,35388.0,32,20,4683,3,1,4,0,1,3,0,0
40,42386.0,100,43,4736,3,1,6,0,3,3,0,0
44,68627.0,825,45,4737,2,0,11,0,2,6,3,1
61,57912.0,916,34,4308,3,1,23,1,8,12,3,1
68,35246.0,62,53,4278,4,2,7,0,3,3,1,0
70,58821.0,728,44,4464,3,1,20,0,9,9,2,1
48,46377.0,90,89,4324,3,1,6,0,2,3,1,0
38,39747.0,273,43,4281,3,1,10,0,5,4,1,0
42,23976.0,66,68,4388,3,1,7,0,3,3,1,0
65,80950.0,1213,44,4662,2,0,22,1,6,9,7,1
60,27038.0,107,64,4853,2,0,6,1,3,3,0,0
79,77457.0,1157,85,4320,2,0,17,1,2,10,5,1
62,64100.0,546,93,4496,3,1,17,1,8,6,3,1
34,42670.0,241,12,4632,2,0,10,0,4,4,2,0
50,12571.0,53,86,4366,3,1,7,0,3,3,1,0
59,22574.0,37,28,4448,5,3,5,0,2,3,0,0
37,51381.5,1611,69,4595,2,0,23,2,6,12,5,1
50,70893.0,1508,42,4712,2,0,22,0,6,10,6,1
60,54198.0,235,13,4398,4,2,10,0,3,6,1,0
70,28839.0,32,86,4314,4,2,5,0,2,3,0,0
54,40321.0,102,59,4539,4,2,6,0,3,3,0,0
41,66503.0,401,30,4888,3,1,13,0,4,6,3,1
75,30833.0,28,33,4552,4,2,4,0,1,3,0,0
56,51381.5,1052,67,4514,5,3,15,2,2,10,3,1
55,64795.0,680,23,4732,3,1,18,0,3,12,3,1
52,34421.0,30,81,4567,3,1,3,0,1,2,0,0
61,47025.0,20,6,4344,4,2,3,0,1,2,0,0
65,64325.0,1307,41,4711,3,1,18,0,10,5,3,1
73,40464.0,630,78,4738,3,1,18,0,8,8,2,1
69,62187.0,1283,49,4563,2,0,17,0,4,5,8,1
50,14849.0,65,39,4566,3,1,6,0,2,4,0,0
42,27255.0,37,3,4438,3,1,4,0,1,3,0,0
76,54432.0,38,37,4620,5,3,4,0,1,3,0,0
40,29999.0,160,22,4705,3,1,8,0,3,4,1,0
43,24072.0,23,79,4643,3,1,3,0,1,2,0,0
37,33996.0,71,46,4495,2,0,5,0,1,3,1,0
70,66334.0,1161,82,4656,3,1,17,1,9,5,3,1
55,35178.0,59,10,4739,3,1,4,2,1,2,1,0
43,22010.0,33,51,4568,3,1,5,0,2,3,0,0
66,62204.0,946,38,4859,4,2,21,0,4,12,5,1
58,75693.0,1442,10,4774,2,0,21,4,11,6,4,1
54,30675.0,62,14,4798,3,1,4,0,1,3,0,0
61,83003.0,1674,18,4687,2,0,21,2,7,8,6,1
127,83532.0,1853,36,4480,2,0,14,1,4,4,6,1
38,68655.0,1538,95,4892,2,0,20,0,4,11,5,1
40,41411.0,139,11,4408,2,0,7,0,2,4,1,0
57,55212.0,1182,65,4787,3,1,17,2,4,11,2,1
76,59292.0,507,71,4585,3,1,16,0,3,8,5,1
53,27190.0,18,13,4522,3,1,3,2,1,2,0,0
74,82623.0,940,58,4435,2,0,15,0,2,4,9,1
61,44300.0,42,65,4575,4,2,4,0,1,3,0,0
56,84835.0,1190,0,4217,2,0,14,1,4,6,4,1
55,30372.0,44,33,4755,4,2,5,0,2,3,0,0
50,33181.0,16,90,4381,3,1,3,1,1,2,0,0
69,71113.0,835,95,4398,3,1,22,0,6,9,7,1
40,71952.0,1443,93,4739,3,1,20,2,8,8,4,1
60,69759.0,1029,38,4448,2,0,15,1,4,5,6,1
52,72099.0,1188,18,4814,2,0,17,0,3,10,4,1
50,60000.0,1277,57,4758,3,1,19,0,11,5,3,1
48,38643.0,49,45,4416,4,2,5,0,2,3,0,0
71,50737.0,99,61,4618,3,1,6,1,2,4,0,0
57,68462.0,1670,6,4768,2,0,14,0,3,8,3,1
83,65073.0,900,65,4517,2,0,13,0,5,5,3,1
78,46681.0,425,52,4468,4,2,14,0,4,4,6,1
69,78618.0,2153,87,4843,2,0,21,1,4,10,7,1
57,62187.0,636,38,4303,3,1,18,0,6,10,2,1
48,28442.0,57,53,4329,4,2,7,0,2,4,1,0
48,37717.0,25,31,4787,3,1,3,0,1,2,0,0
59,51479.0,494,67,4752,4,2,15,0,6,6,3,0
57,54803.0,693,65,4881,3,1,17,0,6,9,2,1
66,79530.0,1348,64,4612,2,0,25,0,4,11,10,1
50,31615.0,51,82,4674,3,1,5,0,2,3,0,0
64,72025.0,1932,27,4793,2,0,15,0,4,8,3,1
51,52614.0,990,63,4779,3,1,14,0,2,8,4,1
42,35684.0,30,66,4272,3,1,4,0,1,3,0,0
51,48178.0,254,69,4813,4,2,10,0,5,4,1,0
56,29548.0,29,52,4508,3,1,4,1,1,2,1,0
60,63810.0,1371,45,4799,3,1,19,1,4,12,3,1
54,38578.0,73,2,4576,4,2,6,1,3,3,0,0
51,46098.0,120,86,4884,4,2,7,0,3,2,2,0
56,22585.0,81,23,4672,2,0,4,2,1,2,1,0
37,30279.0,37,13,4750,3,1,4,0,1,3,0,0
65,66426.0,1377,14,4474,3,1,18,0,3,10,5,1
57,30822.0,51,92,4584,3,1,4,0,1,3,0,0
57,33581.0,17,38,4741,4,2,3,0,1,2,0,0
41,19986.0,22,74,4431,3,1,3,0,0,3,0,0
72,27421.0,324,14,4768,2,0,11,0,4,6,1,0
53,35688.0,211,94,4880,5,3,9,0,4,4,1,0
45,36143.0,19,33,4295,3,1,3,0,0,2,1,0
55,10245.0,41,32,4614,3,1,5,0,1,2,2,0
58,43795.0,492,11,4460,3,1,14,2,7,4,3,1
66,63381.0,1005,78,4836,3,1,22,0,4,13,5,1
77,38823.0,114,56,4872,3,1,6,0,2,3,1,0
58,83664.0,1173,57,4621,4,2,16,0,2,12,2,1
47,90300.0,1738,7,4381,2,0,19,1,5,8,6,1
47,62499.0,222,0,4406,3,1,10,0,3,6,1,0
33,74293.0,1127,66,4260,2,0,15,0,5,6,4,1
80,51012.0,209,86,4641,2,0,9,0,4,4,1,0
58,70777.0,787,80,4328,3,1,20,0,5,12,3,1
35,68682.0,1598,56,4470,2,0,23,0,4,10,9,1
55,43824.0,186,18,4856,4,2,8,0,3,4,1,0
42,15345.0,47,51,4871,3,1,4,1,1,2,1,0
39,23442.0,27,71,4756,3,1,4,0,1,3,0,0
46,14515.0,96,71,4801,3,1,7,1,2,3,2,0
70,31395.0,64,80,4667,4,2,6,0,2,3,1,0
61,75276.0,1040,2,4844,2,0,22,0,9,9,4,1
52,42373.0,163,83,4522,4,2,8,0,2,5,1,0
66,30507.0,343,29,4679,2,0,10,0,5,4,1,0
71,55521.0,446,11,4454,5,3,15,2,6,6,3,0
61,48006.0,41,55,4224,4,2,4,0,1,3,0,0
54,27213.0,70,19,4872,3,1,6,1,2,4,0,0
55,65808.0,272,1,4234,4,2,11,0,5,5,1,0
52,30351.0,46,19,4592,3,1,5,0,3,2,0,0
63,50437.0,490,28,4824,4,2,16,0,7,8,1,0
44,23616.0,79,76,4793,3,1,6,1,3,3,0,0
50,53858.0,915,50,4801,3,1,13,0,4,6,3,1
71,66465.0,1485,1,4660,3,1,32,1,11,12,9,1
39,46923.0,369,90,4880,3,1,13,0,5,7,1,0
64,75072.0,1073,83,4726,3,1,17,0,5,8,4,1
83,75865.0,1242,73,4294,2,0,18,0,3,10,5,1
51,19789.0,78,24,4425,3,1,6,1,2,3,1,0
32,80134.0,1378,11,4339,2,0,20,4,2,11,7,1
45,91065.0,1474,33,4696,2,0,25,3,7,9,9,1
55,49505.0,751,4,4685,4,2,20,0,10,8,2,1
53,37401.0,48,14,4258,3,1,5,0,2,3,0,0
43,30096.0,45,30,4242,3,1,5,0,2,3,0,0
44,18492.0,10,75,4228,3,1,3,0,1,2,0,0
52,82584.0,1435,26,4594,2,0,15,3,3,8,4,1
85,93027.0,2119,77,4646,2,0,22,1,7,5,10,1
73,48686.0,20,8,4411,5,3,3,0,1,2,0,0
40,92910.0,1795,42,4270,2,0,26,3,6,13,7,1
37,75433.0,1188,28,4289,3,1,17,2,2,10,5,1
37,10404.0,43,52,4260,3,1,5,0,1,4,0,0
58,61314.0,1008,1,4634,3,1,22,0,5,12,5,1
65,84865.0,1688,1,4620,2,0,15,5,2,9,4,1
37,42387.0,684,42,4812,3,1,16,0,8,7,1,1
59,67309.0,1082,76,4726,4,2,24,0,9,9,6,1
62,75236.0,1068,27,4420,3,1,24,0,8,13,3,1
56,30015.0,57,28,4351,3,1,5,0,1,4,0,0
70,50943.0,46,49,4577,3,1,4,0,1,3,0,0
60,67272.0,733,12,4394,3,1,20,0,6,12,2,1
77,51529.0,467,14,4499,3,1,15,0,9,5,1,1
55,32011.0,122,89,4515,3,1,7,0,2,4,1,0
40,7500.0,36,96,4711,3,1,5,0,2,3,0,0
37,28691.0,34,56,4564,3,1,4,0,1,3,0,0
78,56223.0,156,72,4395,3,1,8,0,2,5,1,0
80,18100.0,14,14,4531,2,0,3,0,0,3,0,0
37,30279.0,37,13,4750,3,1,4,0,1,3,0,0
52,20130.0,34,99,4308,2,0,4,0,1,3,0,0
67,23295.0,20,72,4555,2,0,3,0,1,2,0,0
54,42618.0,192,92,4467,3,1,9,0,5,4,0,0
62,81246.0,1379,87,4386,2,0,16,2,4,7,5,1
50,24027.0,48,7,4589,3,1,5,0,2,3,0,0
73,55707.0,428,91,4393,3,1,14,0,3,9,2,1
71,57959.0,868,71,4627,3,1,22,0,4,11,7,1
57,56796.0,1001,24,4702,3,1,24,0,8,7,9,1
55,36230.0,59,17,4459,3,1,6,0,2,4,0,0
46,70829.0,431,87,4414,4,2,14,0,4,8,2,0
50,65991.0,971,21,4864,3,1,24,0,9,10,5,1
54,38988.0,348,90,4882,5,3,12,0,5,6,1,0
60,89572.0,2059,44,4856,2,0,23,3,7,9,7,1
42,42207.0,265,71,4658,3,1,10,2,4,5,1,0
74,50300.0,270,52,4239,3,1,11,0,2,8,1,1
44,66664.0,1289,78,4846,2,0,18,0,5,6,7,1
62,60597.0,893,2,4383,3,1,12,2,2,8,2,1
77,70165.0,926,60,4484,2,0,21,0,3,11,7,1
68,50520.0,135,25,4356,3,1,7,0,3,3,1,0
63,80124.0,1495,47,4207,2,0,18,1,3,8,7,1
51,33183.0,120,46,4329,3,1,7,0,4,3,0,0
57,66582.0,1288,83,4322,2,0,19,0,2,9,8,1
71,75261.0,1743,17,4636,2,0,16,3,5,5,6,1
56,31880.0,15,13,4810,3,1,3,0,1,2,0,0
75,53790.0,542,86,4319,4,2,17,0,7,8,2,1
55,49269.0,890,92,4887,3,1,22,0,7,12,3,1
51,61456.0,1388,47,4663,3,1,29,0,6,13,10,1
46,37406.0,17,18,4466,3,1,3,1,1,2,0,0
45,56937.0,906,81,4898,3,1,23,2,8,9,6,1
48,38415.0,44,91,4747,4,2,4,0,1,3,0,0
38,20518.0,25,58,4246,3,1,4,0,1,2,1,0
70,62503.0,973,40,4700,3,1,22,0,8,11,3,1
54,41644.0,31,67,4255,4,2,4,0,1,3,0,0
49,55842.0,518,19,4241,3,1,16,0,7,8,1,1
54,62010.0,530,93,4818,3,1,15,0,6,7,2,1
49,41124.0,506,41,4810,3,1,14,0,7,4,3,1
53,38961.0,70,60,4385,3,1,5,0,2,2,1,0
54,37760.0,54,54,4526,3,1,5,0,2,3,0,0
52,32233.0,296,26,4883,3,1,10,2,6,2,2,0
51,43057.0,266,30,4446,3,1,11,0,4,5,2,0
66,83151.0,747,93,4831,2,0,18,0,5,4,9,1
62,78825.0,895,35,4857,2,0,28,1,5,13,10,1
50,65104.0,1053,4,4431,3,1,15,0,3,7,5,1
52,60093.0,735,92,4572,3,1,19,0,7,10,2,1
57,14045.0,20,24,4358,3,1,4,0,1,3,0,0
74,28457.0,205,96,4813,2,0,9,0,4,4,1,0
68,78952.0,2092,11,4847,3,1,19,0,2,12,5,1
50,46310.0,309,99,4777,3,1,12,0,6,5,1,0
71,76005.0,1722,72,4696,2,0,21,1,3,13,5,1
62,58308.0,900,77,4737,3,1,11,0,2,3,6,1
82,55614.0,682,85,4418,2,0,19,1,9,6,4,1
64,59432.0,663,88,4646,3,1,19,0,5,11,3,1
48,55563.0,43,22,4289,3,1,5,0,2,3,0,0
55,78642.0,1816,83,4638,3,1,17,0,4,4,9,1
77,67911.0,976,63,4242,3,1,24,0,6,11,7,1
82,65275.0,746,9,4656,2,0,20,0,4,13,3,1
76,27203.0,64,92,4896,4,2,4,0,1,2,1,0
65,48330.0,32,2,4430,3,1,4,0,1,3,0,0
36,24279.0,263,6,4751,2,0,8,0,4,3,1,0
41,64355.0,1445,66,4878,3,1,19,0,4,12,3,1
70,50943.0,46,49,4577,3,1,4,0,1,3,0,0
73,53653.0,1210,29,4803,2,0,26,0,10,12,4,1
50,65665.0,945,77,4413,3,1,23,0,5,8,10,1
37,81217.0,1157,77,4549,2,0,21,0,3,11,7,1
34,34935.0,137,71,4577,2,0,7,0,2,4,1,0
67,61250.0,730,49,4764,3,1,19,0,5,12,2,1
45,39665.0,216,97,4604,3,1,9,1,4,3,2,0
47,60152.0,943,6,4662,3,1,22,0,6,12,4,1
62,48920.0,347,93,4456,4,2,13,1,6,5,2,0
67,89120.0,1924,78,4308,2,0,18,1,5,7,6,1
80,44124.0,397,62,4618,3,1,13,0,6,5,2,0
51,81169.0,2089,47,4645,2,0,21,0,5,9,7,1
65,36443.0,138,9,4715,4,2,7,0,3,3,1,0
36,26095.0,42,77,4568,3,1,4,0,1,3,0,0
67,71367.0,777,24,4514,2,0,16,0,4,7,5,1
82,80184.0,1902,19,4324,2,0,19,2,6,10,3,1
61,30630.0,52,67,4357,4,2,5,0,2,3,0,0
39,73454.0,1651,95,4324,2,0,12,1,2,6,4,1
35,42691.0,358,48,4521,2,0,12,0,5,6,1,0
73,70503.0,1727,73,4841,2,0,15,2,2,9,4,1
39,25545.0,210,35,4863,3,1,7,1,2,3,2,0
40,32880.0,42,76,4776,3,1,4,0,1,3,0,0
68,77863.0,1291,20,4418,2,0,19,0,4,10,5,1
49,50353.0,442,72,4225,2,0,14,0,4,6,4,1
62,61839.0,1895,20,4890,2,0,16,0,4,4,8,1
66,49154.0,411,69,4442,4,2,13,0,4,8,1,1
51,47682.0,521,80,4703,3,1,15,0,4,8,3,1
57,72679.0,1168,65,4488,3,1,16,0,4,5,7,1
49,57954.0,493,52,4215,4,2,16,1,8,6,2,0
64,65316.0,260,65,4635,4,2,10,0,3,5,2,0
44,28567.0,46,57,4581,3,1,5,0,2,3,0,0
75,47352.0,319,70,4648,3,1,12,0,6,5,1,0
59,44931.0,96,0,4366,3,1,6,0,2,3,1,0
59,76982.0,1062,19,4338,2,0,15,2,8,4,3,1
74,57247.0,232,50,4529,3,1,10,0,2,7,1,0
45,22944.0,76,67,4392,3,1,6,0,3,3,0,0
49,25315.0,54,46,4438,3,1,6,0,3,3,0,0
57,43638.0,201,37,4896,3,1,9,0,4,4,1,0
42,42710.0,406,38,4782,3,1,12,0,4,3,5,1
44,84169.0,1919,9,4530,2,0,19,3,7,6,6,1
50,54058.0,662,56,4594,3,1,18,0,4,8,6,1
36,24683.0,41,98,4317,3,1,6,0,2,4,0,0
62,85620.0,1600,68,4377,2,0,13,1,3,4,6,1
46,47850.0,134,72,4412,3,1,7,0,3,4,0,0
58,19514.0,69,47,4358,4,2,6,2,3,2,1,0
53,27159.0,21,33,4296,4,2,4,0,1,3,0,0
63,39548.0,54,87,4294,4,2,5,0,1,3,1,0
37,21474.0,91,0,4286,3,1,6,2,3,2,1,0
55,60504.0,526,73,4346,3,1,16,0,6,8,2,1
63,22419.0,162,74,4641,2,0,7,0,3,2,2,0
77,81698.0,1008,4,4439,2,0,24,1,3,13,8,1
74,43462.0,240,50,4859,4,2,10,0,4,5,1,0
48,54880.0,795,57,4689,3,1,19,0,6,11,2,1
44,79908.0,1772,30,4654,2,0,18,1,5,7,6,1
56,15315.0,64,27,4534,2,0,6,0,2,4,0,0
67,87771.0,1957,61,4607,3,1,19,5,5,4,10,1
48,33039.0,78,4,4497,3,1,6,0,2,4,0,0
46,81741.0,1572,75,4582,2,0,19,0,6,7,6,1
55,71499.0,795,12,4573,3,1,24,0,8,13,3,1
56,62466.0,889,13,4369,3,1,21,0,6,12,3,1
63,48799.0,331,9,4440,3,1,12,0,3,7,2,0
76,52157.0,265,48,4226,3,1,10,0,3,5,2,0
64,66565.0,1065,80,4775,3,1,15,0,4,9,2,1
75,29298.0,11,60,4499,4,2,3,0,1,2,0,0
47,47691.0,21,43,4563,3,1,3,0,1,2,0,0
56,38200.0,17,19,4773,4,2,3,0,1,2,0,0
52,44989.0,369,26,4859,3,1,11,0,5,5,1,0
58,38443.0,38,58,4357,4,2,4,0,1,3,0,0
48,38593.0,177,42,4493,3,1,8,0,4,3,1,0
56,64413.0,279,27,4536,3,1,11,0,5,5,1,0
45,36959.0,62,56,4474,3,1,5,0,2,3,0,0
49,61996.0,1230,27,4718,3,1,18,4,6,8,4,1
58,51287.0,182,10,4293,4,2,8,0,4,3,1,0
56,13260.0,49,48,4514,4,2,6,0,3,3,0,0
60,47472.0,75,39,4490,4,2,6,0,2,4,0,0
70,54603.0,227,85,4559,4,2,10,0,4,4,2,0
52,45207.0,215,64,4800,4,2,10,1,3,6,1,0
75,40689.0,444,69,4672,3,1,13,0,7,5,1,1
59,47821.0,47,54,4456,4,2,4,0,1,3,0,0
75,27450.0,143,57,4644,2,0,6,0,2,3,1,0
43,39453.0,55,64,4291,3,1,5,0,2,3,0,0
55,26850.0,63,10,4276,4,2,7,0,2,4,1,0
71,79800.0,1867,65,4848,2,0,21,4,5,5,11,1
65,61794.0,611,74,4492,3,1,18,0,4,10,4,1
71,53863.0,473,4,4247,3,1,15,1,7,7,1,1
67,24221.0,55,94,4517,2,0,5,0,1,3,1,0
42,39684.0,81,41,4829,3,1,5,1,2,2,1,0
51,92163.0,2086,25,4768,2,0,21,3,5,5,11,1
61,69882.0,1478,94,4435,2,0,19,0,3,9,7,1
49,33178.0,49,9,4354,3,1,4,0,1,3,0,0
54,59973.0,382,47,4495,2,0,14,0,3,7,4,1
51,17459.0,69,12,4487,3,1,6,1,3,2,1,0
57,23910.0,67,80,4815,3,1,5,0,2,3,0,0
57,42169.0,30,20,4457,4,2,4,0,1,3,0,0
48,26224.0,63,39,4594,3,1,6,0,2,3,1,0
45,31089.0,79,57,4885,3,1,7,0,3,4,0,0
65,30081.0,42,27,4697,3,1,4,0,1,3,0,0
66,62807.0,819,83,4871,3,1,20,0,5,12,3,1
71,72906.0,1151,79,4489,2,0,16,0,3,9,4,1
78,61467.0,594,69,4771,4,2,17,0,5,10,2,1
60,49618.0,129,77,4723,4,2,7,0,3,3,1,0
40,21888.0,213,15,4751,3,1,8,1,5,2,1,0
53,42429.0,67,99,4342,3,1,5,0,1,3,1,0
70,26150.0,28,61,4679,5,3,4,0,1,3,0,0
51,30801.0,45,23,4815,3,1,4,0,1,3,0,0
61,81168.0,1193,84,4257,2,0,17,1,6,7,4,1
57,26877.0,268,74,4518,2,0,10,0,3,6,1,0
82,45006.0,266,90,4550,2,0,11,0,3,7,1,0
53,18978.0,37,41,4769,3,1,4,0,1,3,0,0
59,22574.0,37,28,4448,5,3,5,0,2,3,0,0
57,48240.0,882,73,4801,2,0,22,1,6,13,3,1
52,45837.0,373,88,4542,4,2,13,0,6,5,2,0
61,35791.0,35,94,4623,5,3,4,0,1,3,0,0
50,162397.0,107,31,4595,4,2,1,0,0,1,0,1
48,54162.0,42,31,4672,4,2,4,0,1,3,0,0
66,30522.0,326,6,4885,3,1,12,0,1,9,2,1
65,54456.0,404,23,4557,3,1,14,0,6,7,1,0
55,31632.0,95,92,4554,2,0,5,0,2,2,1,0
77,72298.0,939,52,4315,2,0,13,2,4,6,3,1
48,36975.0,33,50,4387,3,1,4,0,1,3,0,0
71,72635.0,981,54,4595,2,0,20,1,6,6,8,1
50,13624.0,36,93,4729,3,1,5,0,2,3,0,0
51,84196.0,1237,56,4595,3,1,19,0,8,7,4,1
66,70971.0,1825,28,4850,3,1,27,1,11,5,11,1
49,34487.0,103,94,4865,4,2,6,0,3,3,0,0
49,28769.0,191,76,4762,3,1,9,0,4,4,1,0
56,69084.0,1586,43,4426,3,1,23,0,7,13,3,1
68,65488.0,963,46,4220,2,0,13,0,3,6,4,1
56,62466.0,889,13,4369,3,1,21,0,6,12,3,1
66,32218.0,93,27,4338,2,0,6,2,2,3,1,0
53,83917.0,1587,12,4641,2,0,20,1,6,7,7,1
64,46102.0,16,3,4315,5,3,3,0,1,2,0,0
74,84574.0,1375,72,4594,2,0,31,0,9,11,11,1
64,56181.0,393,6,4741,3,1,13,0,4,7,2,0
76,63120.0,1477,53,4843,3,1,21,1,8,9,4,1
55,73691.0,1179,58,4439,3,1,16,1,6,8,2,1
66,63381.0,1005,78,4836,3,1,22,0,4,13,5,1
78,76140.0,1348,57,4251,2,0,20,0,5,6,9,1
67,62859.0,1307,37,4750,3,1,19,0,9,6,4,1
62,45906.0,486,20,4622,3,1,13,1,5,4,4,1
79,77632.0,2252,73,4680,2,0,12,3,4,6,2,1
55,46463.0,235,56,4519,4,2,10,0,3,6,1,0
56,105471.0,1724,36,4728,2,0,30,3,9,13,8,1
56,55282.0,235,9,4402,3,1,10,0,3,6,1,0
49,78710.0,1092,42,4241,3,1,25,0,7,12,6,1
68,66886.0,599,28,4490,3,1,15,0,7,7,1,1
66,98777.0,2008,23,4336,2,0,19,1,4,9,6,1
41,29103.0,48,38,4875,3,1,4,0,1,3,0,0
52,67445.0,1174,63,4890,3,1,27,0,9,12,6,1
76,50616.0,67,71,4281,3,1,6,0,1,4,1,0
71,49431.0,365,9,4899,3,1,13,0,7,5,1,0
51,153924.0,6,81,4346,2,0,0,0,0,0,0,1
73,61278.0,165,87,4380,3,1,8,0,3,4,1,0
68,26490.0,210,92,4849,2,0,9,0,3,5,1,0
79,73059.0,1095,36,4506,3,1,25,0,9,13,3,1
60,46734.0,223,86,4455,5,3,8,1,3,3,2,0
63,56253.0,597,83,4773,3,1,18,0,7,9,2,1
41,19986.0,22,74,4431,3,1,3,0,0,3,0,0
51,58330.0,1064,87,4390,3,1,23,0,6,13,4,1
46,25965.0,74,29,4864,2,0,5,0,2,3,0,0
70,14661.0,26,88,4748,2,0,4,0,1,3,0,0
67,18690.0,60,77,4752,2,0,4,0,1,2,1,0
52,45068.0,20,25,4613,3,1,3,0,1,2,0,0
39,21063.0,59,34,4481,3,1,5,0,2,3,0,0
58,29187.0,34,43,4620,3,1,4,0,1,3,0,0
55,54690.0,198,76,4438,4,2,9,0,3,5,1,0
62,59304.0,1048,81,4539,3,1,25,0,7,10,8,1
64,59247.0,574,87,4437,4,2,16,0,5,9,2,1
56,66731.0,1029,33,4859,3,1,13,0,4,6,3,1
46,77353.0,670,38,4399,3,1,18,0,6,8,4,1
51,52614.0,990,63,4779,3,1,14,0,2,8,4,1
52,26751.0,11,26,4242,4,2,3,0,1,2,0,0
63,81300.0,1241,17,4811,3,1,18,2,10,5,3,1
47,70337.0,576,75,4382,2,0,16,0,2,12,2,1
41,36145.0,172,13,4582,3,1,8,2,4,3,1,0
46,65295.0,664,19,4392,2,0,19,0,3,13,3,1
63,68118.0,928,51,4458,3,1,21,0,8,4,9,1
59,68743.0,2074,81,4872,2,0,29,0,11,13,5,1
44,41039.0,467,32,4543,2,0,14,0,8,5,1,1
71,38946.0,257,84,4452,3,1,10,0,3,6,1,0
59,65777.0,1146,87,4396,2,0,16,0,2,6,8,1
50,66476.0,689,99,4683,3,1,18,0,5,11,2,1
54,86857.0,2114,96,4859,2,0,21,1,5,10,6,1
44,160803.0,1717,21,4898,2,0,29,0,0,1,28,1
37,77845.0,1346,40,4248,2,0,20,2,3,12,5,1
57,69476.0,1044,3,4476,2,0,14,0,4,4,6,1
66,50611.0,493,98,4837,3,1,16,2,4,7,5,1
56,61209.0,957,73,4512,2,0,12,0,5,4,3,1
68,42315.0,270,90,4556,3,1,9,0,1,4,4,1
74,13084.0,29,29,4443,2,0,4,0,1,3,0,0
77,47570.0,121,3,4600,4,2,6,1,2,2,2,0
65,61923.0,126,94,4542,4,2,7,0,2,4,1,0
31,34824.0,23,65,4299,2,0,3,0,1,2,0,0
77,26518.0,57,33,4651,4,2,5,1,2,3,0,0
65,45938.0,636,46,4442,2,0,18,0,8,6,4,1
66,78468.0,1004,29,4285,2,0,27,1,10,10,7,1
53,78901.0,734,99,4489,3,1,17,0,9,5,3,1
48,71427.0,614,26,4313,4,2,18,0,8,8,2,1
48,71022.0,1453,30,4342,3,1,18,1,5,11,2,1
38,90247.0,1621,27,4265,2,0,14,4,3,7,4,1
58,41335.0,187,24,4389,3,1,9,0,4,4,1,0
40,71952.0,1443,93,4739,3,1,20,2,8,8,4,1
56,35682.0,57,34,4206,3,1,5,0,1,3,1,0
75,43185.0,637,88,4649,3,1,18,0,9,6,3,1
78,66375.0,948,96,4424,3,1,11,1,2,5,4,1
55,35178.0,59,10,4739,3,1,4,2,1,2,1,0
40,25252.0,18,26,4556,3,1,3,0,1,2,0,0
61,55250.0,903,49,4820,3,1,22,0,7,10,5,1
51,33249.0,112,11,4698,3,1,6,0,2,3,1,0
73,58398.0,596,44,4615,2,0,17,0,5,8,4,1
44,50272.0,233,75,4530,3,1,10,0,4,5,1,0
51,76618.0,1511,64,4773,2,0,10,0,3,5,2,1
66,87305.0,1152,19,4848,2,0,16,2,5,8,3,1
48,25851.0,48,45,4707,3,1,5,0,2,3,0,0
56,58710.0,1185,77,4659,3,1,25,0,11,9,5,1
68,45160.0,21,9,4296,4,2,3,0,1,2,0,0
61,74806.0,965,1,4761,3,1,14,0,5,5,4,1
72,59111.0,869,90,4627,2,0,20,0,11,8,1,1
42,18988.0,16,43,4241,3,1,4,0,1,3,0,0
61,72190.0,1947,79,4705,2,0,15,0,5,4,6,1
50,7500.0,71,19,4901,3,1,7,2,4,2,1,0
60,44794.0,65,99,4225,3,1,5,0,2,3,0,0
71,80395.0,1380,62,4422,2,0,23,1,6,12,5,1
50,75012.0,1027,41,4359,2,0,22,0,3,11,8,1
61,56962.0,411,60,4465,5,3,14,0,6,5,3,0
35,89891.0,836,17,4644,2,0,25,1,11,8,6,1
77,35946.0,11,24,4479,4,2,3,0,0,3,0,0
73,53593.0,480,60,4895,4,2,15,0,7,6,2,0
48,66373.0,606,57,4586,4,2,16,0,4,10,2,1
78,45072.0,284,74,4460,5,3,11,0,6,4,1,0
53,89694.0,1472,22,4467,4,2,11,3,4,4,3,1
77,72025.0,1677,46,4265,2,0,25,4,4,13,8,1
53,67432.0,1335,69,4661,3,1,17,0,8,4,5,1
74,70545.0,334,29,4230,3,1,12,0,4,7,1,0
37,17487.0,18,37,4672,3,1,3,0,1,2,0,0
57,62882.0,1338,26,4893,3,1,18,0,7,6,5,1
73,64108.0,1099,8,4667,3,1,26,0,6,11,9,1
70,34941.0,97,26,4684,4,2,6,0,3,3,0,0
76,48767.0,63,79,4383,5,3,6,0,2,3,1,0
48,38702.0,109,71,4536,3,1,7,0,3,4,0,0
62,82224.0,902,83,4359,2,0,20,1,6,5,9,1
74,83844.0,1574,57,4617,2,0,19,1,4,11,4,1
51,17003.0,38,37,4406,3,1,6,0,2,4,0,0
31,71163.0,960,30,4316,2,0,23,0,3,12,8,1
56,33697.0,28,34,4491,3,1,3,1,1,2,0,0
72,63564.0,1215,0,4355,2,0,27,2,10,7,10,1
54,83443.0,1497,89,4384,2,0,21,0,6,5,10,1
68,51518.0,449,92,4473,3,1,15,0,3,10,2,1
51,58330.0,1064,87,4390,3,1,23,0,6,13,4,1
57,80952.0,1757,20,4690,2,0,24,4,8,11,5,1
47,75507.0,1440,56,4262,2,0,20,0,8,6,6,1
48,63855.0,1006,28,4709,2,0,23,0,7,13,3,1
54,62220.0,1226,55,4891,3,1,18,1,7,5,6,1
62,58512.0,1171,25,4487,3,1,15,0,3,8,4,1
47,40662.0,92,0,4675,3,1,6,0,2,3,1,0
67,38829.0,99,86,4288,3,1,7,0,3,2,2,0
45,35523.0,66,8,4473,3,1,6,0,3,3,0,0
59,79146.0,564,33,4270,4,2,17,0,8,8,1,1
38,78285.0,1427,13,4448,2,0,20,0,6,10,4,1
48,31626.0,86,12,4619,3,1,5,2,2,2,1,0
74,75127.0,833,92,4242,2,0,18,0,2,5,11,1
71,48726.0,242,90,4632,3,1,9,0,3,4,2,0
49,74985.0,1869,8,4860,2,0,16,0,3,7,6,1
39,67430.0,1364,6,4866,2,0,28,0,11,12,5,1
61,46891.0,183,91,4505,3,1,7,0,2,4,1,0
70,62058.0,450,52,4603,3,1,14,0,6,7,1,0
47,72063.0,758,3,4565,3,1,19,0,5,12,2,1
75,78939.0,1507,57,4403,2,0,19,0,8,6,5,1
61,42720.0,654,9,4635,4,2,17,1,7,7,3,1
54,33622.0,81,22,4646,4,2,6,0,2,4,0,0
69,6835.0,137,76,4772,3,1,1,0,0,1,0,1
73,41452.0,16,86,4684,4,2,3,0,1,2,0,0
61,40760.0,93,64,4507,3,1,6,0,2,3,1,0
68,74250.0,1158,90,4358,2,0,17,0,2,4,11,1
71,51124.0,43,79,4397,4,2,4,0,1,3,0,0
55,72258.0,1525,28,4494,3,1,20,0,6,5,9,1
52,71466.0,1230,86,4289,2,0,18,0,4,10,4,1
50,36283.0,29,42,4280,4,2,4,0,1,3,0,0
56,20587.0,25,39,4253,3,1,4,0,1,2,1,0
54,30467.0,24,8,4306,3,1,3,0,1,2,0,0
54,31590.0,38,40,4580,3,1,4,0,1,3,0,0
40,20425.0,57,5,4812,3,1,5,0,2,3,0,0
66,17144.0,47,96,4338,4,2,7,0,3,4,0,0
58,42564.0,813,28,4747,3,1,18,2,6,4,8,1
48,43783.0,629,22,4235,3,1,16,1,7,8,1,1
50,40780.0,377,30,4863,3,1,13,0,7,5,1,0
81,62847.0,1612,45,4734,2,0,13,0,3,4,6,1
69,82017.0,729,58,4803,2,0,16,4,5,7,4,1
76,16813.0,50,49,4549,2,0,5,1,2,3,0,0
48,51267.0,270,37,4447,4,2,11,0,3,5,3,0
65,46524.0,177,70,4654,3,1,7,0,1,5,1,0
64,45183.0,315,33,4729,2,0,12,1,4,7,1,0
72,70421.0,767,98,4205,3,1,20,0,10,7,3,1
61,60161.0,1071,17,4818,3,1,23,0,11,8,4,1
53,73926.0,1580,54,4688,2,0,23,0,6,12,5,1
58,19329.0,60,39,4401,3,1,7,0,4,3,0,0
56,61872.0,573,81,4402,3,1,17,0,4,9,4,1
70,46984.0,41,71,4664,4,2,4,0,1,3,0,0
75,34838.0,170,62,4730,4,2,7,0,2,4,1,0
82,82716.0,1167,8,4440,2,0,27,0,6,13,8,1
68,48192.0,1526,76,4653,2,0,22,4,2,12,8,1
50,49681.0,458,66,4441,4,2,15,0,7,7,1,0
55,56850.0,63,83,4302,3,1,5,0,1,3,1,0
69,55267.0,405,28,4455,3,1,13,0,3,6,4,1
54,59666.0,1027,87,4668,4,2,13,1,3,8,2,1
54,72504.0,1478,43,4653,3,1,20,0,5,6,9,1
45,26872.0,72,0,4460,2,0,4,0,1,2,1,0
54,21359.0,48,1,4639,3,1,5,1,2,3,0,0
51,73170.0,726,1,4233,2,0,15,0,5,6,4,1
71,52750.0,860,72,4714,3,1,21,0,5,9,7,1
40,91820.0,1497,72,4422,2,0,22,0,5,12,5,1
56,65968.0,495,12,4252,3,1,16,0,5,7,4,1
50,30772.0,20,89,4313,4,2,3,0,1,2,0,0
72,22507.0,570,67,4786,2,0,16,0,10,4,2,1
54,65685.0,769,54,4296,3,1,20,0,9,9,2,1
48,25804.0,55,34,4505,3,1,5,0,2,3,0,0
46,76412.0,1808,15,4624,2,0,17,3,5,8,4,1
54,22063.0,55,43,4529,3,1,5,0,2,3,0,0
65,57091.0,577,0,4218,2,0,17,2,7,7,3,1
63,22419.0,162,74,4641,2,0,7,0,3,2,2,0
67,87771.0,1957,61,4607,3,1,19,5,5,4,10,1
67,78353.0,1576,51,4643,3,1,23,0,10,11,2,1
72,93404.0,1616,97,4622,5,3,14,2,3,7,4,1
64,37859.0,36,75,4737,5,3,4,0,1,3,0,0
68,80995.0,1482,83,4618,3,1,21,0,8,4,9,1
42,16529.0,22,23,4324,3,1,4,0,1,3,0,0
50,55412.0,63,65,4423,4,2,5,0,2,3,0,0
34,48789.0,680,94,4861,2,0,17,0,6,7,4,1
59,56575.0,542,42,4624,4,2,17,0,7,7,3,0
46,25130.0,50,10,4474,3,1,5,0,2,3,0,0
59,35441.0,39,94,4704,4,2,4,0,1,3,0,0
70,71391.0,1043,50,4661,3,1,23,0,6,12,5,1
54,49494.0,385,46,4634,3,1,12,0,6,5,1,0
46,81702.0,1633,98,4848,2,0,26,0,7,12,7,1
46,45889.0,46,42,4566,3,1,4,0,1,3,0,0
49,56628.0,761,30,4304,3,1,18,1,7,5,6,1
76,34026.0,76,11,4532,4,2,6,0,2,3,1,0
52,40049.0,290,61,4781,3,1,11,0,3,6,2,0
38,34176.0,89,12,4252,3,1,7,0,3,4,0,0
45,19419.0,70,76,4800,3,1,7,0,4,3,0,0
66,82504.0,1066,2,4541,2,0,16,0,3,7,6,1
56,81205.0,2009,43,4371,2,0,18,4,5,7,6,1
35,61618.0,1345,27,4842,2,0,17,0,3,8,6,1
70,55284.0,764,60,4756,3,1,20,0,7,8,5,1
63,49980.0,195,79,4453,3,1,9,0,3,5,1,0
46,15072.0,53,96,4619,4,2,7,0,3,3,1,0
52,49166.0,368,17,4585,3,1,11,0,5,3,3,1
72,65324.0,544,0,4373,3,1,17,0,6,9,2,1
69,82347.0,1853,38,4804,2,0,24,2,7,10,7,1
60,30843.0,35,43,4238,4,2,4,1,1,2,1,0
52,46374.0,446,1,4308,3,1,15,3,7,7,1,1
47,60474.0,1180,25,4658,3,1,24,0,10,12,2,1
53,38576.0,41,2,4321,3,1,4,0,1,3,0,0
41,55357.0,727,66,4699,4,2,19,0,6,11,2,1
60,37758.0,40,49,4837,4,2,4,0,1,3,0,0
37,85710.0,1062,5,4624,2,0,25,1,6,10,9,1
57,23228.0,40,71,4358,3,1,5,0,2,3,0,0
57,44602.0,292,35,4338,4,2,11,0,6,4,1,0
39,7500.0,15,94,4740,2,0,3,0,0,3,0,0
37,38683.0,341,80,4837,3,1,11,0,4,6,1,0
51,49514.0,369,61,4398,3,1,11,0,6,4,1,1
53,57906.0,401,29,4587,3,1,14,0,4,8,2,0
60,43456.0,393,0,4664,3,1,14,0,5,8,1,0
40,19485.0,10,80,4482,4,2,3,0,1,2,0,0
48,53172.0,486,54,4623,3,1,13,0,2,8,3,1
47,30545.0,69,71,4824,3,1,5,0,2,3,0,0
43,70123.0,1727,27,4478,2,0,16,2,5,4,7,1
67,62450.0,995,61,4378,3,1,14,1,5,4,5,1
50,21675.0,45,55,4222,3,1,7,0,4,3,0,0
45,42395.0,182,35,4290,4,2,8,0,3,4,1,0
48,61346.0,989,34,4470,3,1,22,0,5,10,7,1
73,80812.0,1677,95,4489,2,0,17,3,4,5,8,1
55,42835.0,595,64,4568,4,2,16,0,6,4,6,1
43,39922.0,156,30,4704,3,1,7,0,3,4,0,0
70,86424.0,1226,12,4289,2,0,27,0,6,12,9,1
48,17117.0,128,96,4732,3,1,7,0,3,3,1,0
54,24762.0,86,16,4343,3,1,6,2,3,2,1,0
51,35797.0,68,16,4825,3,1,5,0,2,3,0,0
51,36627.0,16,78,4545,4,2,3,0,0,3,0,0
45,51111.0,55,83,4214,4,2,5,0,2,3,0,0
54,86857.0,2114,96,4859,2,0,21,1,5,10,6,1
56,82072.0,2018,67,4566,2,0,18,0,3,13,2,1
73,46231.0,263,87,4784,5,3,11,0,6,4,1,0
67,42243.0,55,34,4404,4,2,5,0,2,3,0,0
64,51195.0,564,46,4658,4,2,16,0,9,5,2,1
48,68092.0,1281,7,4399,2,0,18,0,2,10,6,1
53,31814.0,83,73,4709,3,1,5,1,2,3,0,0
61,51390.0,353,54,4863,4,2,12,0,5,5,2,0
43,76630.0,1003,93,4370,2,0,24,0,3,11,10,1
35,26868.0,14,52,4264,3,1,3,0,1,2,0,0
83,48948.0,902,53,4717,2,0,22,2,7,5,10,1
54,55260.0,1139,81,4768,3,1,23,0,8,5,10,1
70,64090.0,797,8,4530,3,1,19,1,6,4,9,1
68,78331.0,1638,97,4361,3,1,23,0,10,7,6,1
52,37087.0,401,50,4526,3,1,14,0,4,8,2,1
40,21846.0,84,38,4454,3,1,7,0,4,3,0,0
68,81320.0,928,61,4712,2,0,17,0,4,10,3,1
56,54137.0,203,46,4521,3,1,9,0,4,4,1,0
59,66825.0,858,73,4554,2,0,15,0,4,6,5,1
53,57100.0,409,19,4411,2,0,12,0,3,6,3,1
57,58917.0,282,10,4666,5,3,11,0,4,6,1,0
49,85072.0,1423,94,4285,2,0,17,0,3,10,4,1
65,86429.0,1449,10,4424,2,0,18,2,7,7,4,1
55,45684.0,28,37,4413,3,1,3,0,1,2,0,0
52,47889.0,67,94,4380,3,1,5,0,2,3,0,0
40,45921.0,199,23,4315,2,0,9,0,2,6,1,0
60,78420.0,1453,75,4569,2,0,21,0,3,8,10,1
34,75114.0,1253,40,4438,2,0,18,0,3,5,10,1
63,52278.0,1198,24,4724,3,1,25,1,10,10,5,1
54,35641.0,178,11,4554,3,1,8,1,3,4,1,0
32,95529.0,1990,29,4777,2,0,17,2,7,7,3,1
72,62820.0,976,51,4618,2,0,13,0,3,6,4,1
66,73113.0,1001,86,4389,2,0,14,0,3,7,4,1
44,84169.0,1919,9,4530,2,0,19,3,7,6,6,1
72,42607.0,350,30,4428,3,1,12,0,3,7,2,0
72,74637.0,1650,73,4611,2,0,24,1,6,9,9,1
71,46015.0,46,25,4281,4,2,4,2,1,3,0,0
33,72354.0,1228,67,4642,2,0,18,0,2,6,10,1
57,39858.0,95,67,4725,3,1,6,1,2,4,0,0
78,34469.0,62,58,4260,4,2,6,0,1,4,1,0
40,83033.0,1761,82,4246,3,1,25,1,11,10,4,1
47,24401.0,467,98,4871,2,0,13,0,6,6,1,1
48,77583.0,1149,93,4343,2,0,18,1,4,9,5,1
44,74116.0,2052,53,4385,2,0,18,1,4,10,4,1
33,74293.0,1127,66,4260,2,0,15,0,5,6,4,1
50,68397.0,1416,6,4428,3,1,20,0,6,5,9,1
52,79632.0,1113,42,4286,2,0,19,0,6,9,4,1
37,46107.0,125,78,4343,3,1,6,0,1,4,1,0
75,64950.0,966,29,4890,3,1,23,1,11,10,2,1
37,25443.0,32,82,4758,3,1,4,0,1,3,0,0
74,75127.0,833,92,4242,2,0,18,0,2,5,11,1
55,32892.0,46,78,4239,3,1,6,0,3,3,0,0
55,71796.0,960,54,4452,2,0,16,0,9,4,3,1
56,67536.0,1829,45,4607,3,1,27,1,11,11,5,1
55,55239.0,779,59,4554,3,1,23,0,7,11,5,1
51,60554.0,811,8,4528,3,1,21,0,8,9,4,1
74,64831.0,1120,51,4588,4,2,14,0,6,5,3,1
64,56067.0,725,51,4548,3,1,18,0,7,7,4,1
43,82025.0,1187,76,4601,2,0,11,2,3,6,2,1
73,94384.0,2302,62,4686,2,0,18,4,5,5,8,1
40,14906.0,66,86,4758,2,0,6,0,2,3,1,0
39,51563.0,1250,60,4840,2,0,18,2,4,10,4,1
44,57937.0,683,56,4337,3,1,17,0,4,9,4,1
47,68274.0,305,83,4476,4,2,11,0,4,5,2,0
49,39771.0,50,92,4409,3,1,5,0,2,3,0,0
51,67893.0,995,31,4840,3,1,14,0,3,9,2,1
47,27922.0,41,80,4254,3,1,5,0,2,3,0,0
50,52190.0,77,39,4256,4,2,6,1,2,3,1,0
53,44051.0,171,20,4720,4,2,8,1,3,4,1,0
55,42767.0,131,53,4618,4,2,6,0,3,2,1,0
50,46106.0,54,84,4253,4,2,4,0,1,2,1,0
50,16927.0,53,50,4708,4,2,7,0,3,4,0,0
61,59754.0,475,96,4779,3,1,13,1,5,6,2,1
74,53700.0,694,94,4885,3,1,18,0,5,8,5,1
53,59041.0,96,25,4257,4,2,6,0,2,4,0,0
69,54237.0,361,48,4632,3,1,12,0,5,5,2,0
59,70647.0,1079,65,4850,3,1,24,0,4,13,7,1
64,52597.0,578,69,4257,3,1,17,0,6,8,3,1
57,41021.0,64,12,4750,3,1,5,1,2,3,0,0
51,40233.0,149,84,4462,3,1,8,0,2,5,1,0
46,50183.0,231,47,4208,4,2,10,0,3,6,1,0
67,54753.0,728,87,4494,3,1,18,0,5,11,2,1
53,92955.0,1778,35,4518,2,0,22,3,6,9,7,1
53,33471.0,93,47,4829,3,1,7,0,3,4,0,0
52,34596.0,23,48,4646,3,1,3,1,1,2,0,0
46,44010.0,662,46,4828,3,1,18,0,10,6,2,1
38,84219.0,1198,27,4351,2,0,17,0,3,10,4,1
58,40706.0,81,37,4732,5,3,7,0,3,4,0,0
38,15716.0,92,8,4798,3,1,7,0,3,4,0,0
67,59052.0,491,29,4428,3,1,15,0,7,7,1,1
55,80573.0,1564,85,4827,2,0,23,0,4,13,6,1
64,83715.0,926,2,4350,2,0,23,0,2,13,8,1
67,82576.0,1910,66,4901,2,0,18,1,2,12,4,1
61,56962.0,411,60,4465,5,3,14,0,6,5,3,0
74,35704.0,94,54,4381,4,2,6,0,2,4,0,0
72,53103.0,1085,70,4494,3,1,23,1,10,7,6,1
66,46779.0,23,55,4556,4,2,3,0,0,2,1,0
61,4861.0,6,20,4211,2,0,0,0,0,0,0,1
47,33462.0,54,78,4530,3,1,5,0,2,3,0,0
48,63693.0,1150,63,4462,3,1,26,0,11,9,6,1
76,80763.0,1415,17,4522,2,0,22,3,5,6,11,1
52,65352.0,405,43,4516,3,1,14,0,4,8,2,0
48,82170.0,1908,13,4420,2,0,18,0,5,7,6,1
57,75759.0,2486,46,4451,2,0,25,4,9,9,7,1
50,79689.0,1315,65,4617,2,0,26,0,4,13,9,1
70,35340.0,45,1,4204,4,2,5,0,2,3,0,0
72,85683.0,1789,6,4304,2,0,16,5,2,10,4,1
54,24884.0,19,32,4781,3,1,3,0,0,3,0,0
45,42021.0,573,34,4871,3,1,17,1,10,6,1,1
37,64449.0,805,70,4335,3,1,20,0,5,12,3,1
72,64587.0,108,49,4211,4,2,6,0,1,4,1,0
31,34824.0,23,65,4299,2,0,3,0,1,2,0,0
48,75437.0,1493,25,4436,2,0,22,1,8,10,4,1
69,26091.0,89,84,4328,4,2,6,0,2,3,1,0
53,52845.0,936,7,4524,3,1,22,1,8,6,8,1
70,46086.0,343,34,4442,3,1,12,0,3,8,1,1
70,78028.0,528,38,4861,3,1,19,3,6,9,4,1
39,95169.0,1901,1,4467,2,0,11,3,4,4,3,1
45,56337.0,724,25,4663,4,2,17,3,8,4,5,1
39,22434.0,58,25,4705,3,1,5,0,2,3,0,0
72,36930.0,297,50,4612,3,1,11,0,5,4,2,0
72,36130.0,488,46,4716,3,1,15,2,3,4,8,1
73,65569.0,859,96,4805,3,1,21,0,6,10,5,1
74,83844.0,1574,57,4617,2,0,19,1,4,11,4,1
58,19514.0,69,47,4358,4,2,6,1,3,2,1,0
63,36736.0,17,52,4619,4,2,3,0,1,2,0,0
47,77568.0,2194,30,4877,3,1,20,3,10,8,2,1
50,49187.0,116,63,4373,3,1,7,0,1,5,1,0
48,30168.0,279,51,4683,3,1,11,0,6,4,1,0
58,34053.0,103,14,4861,3,1,6,0,3,3,0,0
55,38196.0,44,20,4276,4,2,6,0,2,4,0,0
75,59412.0,406,56,4275,2,0,14,0,4,8,2,0
61,70924.0,1363,41,4287,2,0,19,1,6,7,6,1
57,54165.0,236,72,4601,2,0,10,0,2,7,1,0
53,32300.0,39,1,4746,3,1,4,0,1,3,0,0
50,20180.0,137,27,4698,2,0,7,0,2,4,1,0
53,34961.0,79,77,4214,3,1,7,0,3,3,1,0
52,28440.0,63,87,4561,3,1,5,0,2,3,0,0
73,64504.0,1314,81,4686,5,3,18,1,11,4,3,1
60,33564.0,71,51,4209,3,1,5,0,1,3,1,0
48,17345.0,58,79,4807,3,1,5,0,2,2,1,0
59,56320.0,702,11,4651,3,1,18,0,5,9,4,1
48,28647.0,94,54,4516,3,1,6,2,2,2,2,0
39,15038.0,80,93,4720,3,1,5,0,2,2,1,0
68,32173.0,22,0,4536,3,1,4,0,1,3,0,0
62,68316.0,1211,54,4806,3,1,27,0,10,10,7,1
55,74538.0,1461,21,4569,2,0,21,2,8,5,8,1
55,91700.0,1968,58,4732,2,0,19,1,8,5,6,1
57,68695.0,1091,3,4208,2,0,15,0,4,7,4,1
49,31056.0,55,99,4727,3,1,4,0,1,3,0,0
53,79593.0,1366,70,4252,2,0,18,1,5,7,6,1
46,28071.0,313,65,4873,2,0,11,0,5,5,1,0
68,37334.0,62,44,4327,4,2,7,0,3,4,0,0
54,46423.0,92,6,4488,4,2,6,0,2,4,0,0
55,37126.0,72,9,4295,3,1,5,2,1,2,2,0
73,47703.0,655,95,4600,3,1,17,0,6,8,3,1
67,61180.0,704,70,4271,3,1,16,1,5,6,5,1
72,38998.0,54,92,4807,4,2,5,0,2,3,0,0
35,8028.0,178,62,4853,2,0,1,0,0,0,1,1
64,76081.0,1033,85,4241,2,0,13,1,4,4,5,1
40,34728.0,36,2,4538,3,1,4,1,1,2,1,0
61,33168.0,122,0,4828,3,1,7,0,2,4,1,0
60,33585.0,122,91,4481,3,1,6,0,2,4,0,0
66,77037.0,1123,3,4463,3,1,26,0,7,12,7,1
42,35196.0,497,68,4797,3,1,12,1,6,5,1,1
60,44529.0,691,98,4563,3,1,19,1,6,11,2,1
61,70924.0,1363,41,4287,2,0,19,1,6,7,6,1
60,28764.0,12,16,4228,4,2,3,1,1,2,0,0
77,69098.0,2440,82,4702,2,0,24,0,7,9,8,1
56,25959.0,56,1,4704,4,2,5,1,1,2,2,0
43,27100.0,37,64,4654,3,1,4,0,1,3,0,0
41,70596.0,968,68,4836,2,0,20,0,3,12,5,1
52,42557.0,270,98,4873,3,1,11,0,6,4,1,0
75,53312.0,278,32,4528,2,0,11,0,5,5,1,0
74,72228.0,1250,87,4783,2,0,21,0,6,8,7,1
39,67605.0,938,84,4659,2,0,16,0,2,6,8,1
77,62845.0,1178,3,4840,4,2,17,1,3,10,4,1
68,65196.0,1155,34,4543,4,2,24,1,7,11,6,1
39,42000.0,653,23,4739,2,0,18,1,5,11,2,1
53,35860.0,49,37,4245,4,2,4,1,1,2,1,0
62,65526.0,506,22,4283,3,1,16,0,4,8,4,1
65,16860.0,38,19,4859,4,2,5,0,1,3,1,0
34,83528.0,1650,7,4263,2,0,22,3,4,8,10,1
61,64176.0,1826,52,4899,3,1,25,0,8,8,9,1
70,22304.0,18,91,4898,2,0,3,0,1,2,0,0
48,67023.0,906,93,4321,2,0,23,0,3,13,7,1
55,32892.0,46,78,4239,3,1,6,0,3,3,0,0
60,70713.0,1477,23,4777,3,1,19,0,5,8,6,1
71,59925.0,766,83,4780,3,1,20,0,9,9,2,1
73,39722.0,47,92,4329,3,1,5,0,2,3,0,0
68,46610.0,467,4,4550,2,0,13,0,6,6,1,1
65,88347.0,2116,32,4565,2,0,20,1,4,9,7,1
45,87171.0,1298,27,4628,2,0,24,2,6,11,7,1
50,26907.0,22,10,4517,4,2,4,0,1,3,0,0
58,50014.0,396,9,4362,3,1,13,0,4,8,1,0
48,41014.0,20,65,4637,3,1,3,0,1,2,0,0
61,66294.0,967,68,4308,2,0,12,0,4,5,3,1
55,36715.0,357,16,4793,3,1,13,1,7,4,2,0
70,79456.0,1401,12,4880,2,0,15,1,5,4,6,1
44,40479.0,15,95,4520,3,1,3,0,0,3,0,0
56,75345.0,2087,16,4716,2,0,19,2,5,6,8,1
49,54233.0,981,46,4714,3,1,22,0,11,5,6,1
56,24163.0,17,3,4464,4,2,4,0,1,3,0,0
68,84460.0,523,80,4745,2,0,22,5,9,4,9,1
43,43776.0,23,77,4261,3,1,3,0,1,2,0,0
68,71691.0,1192,0,4308,2,0,16,1,4,5,7,1
53,85844.0,1958,62,4235,2,0,19,1,6,7,6,1
52,39190.0,133,91,4268,3,1,7,0,2,4,1,0
67,71367.0,777,24,4514,2,0,16,0,4,7,5,1
54,38578.0,73,2,4576,4,2,6,0,3,3,0,0
61,57236.0,121,22,4313,4,2,7,0,2,4,1,0
47,61825.0,424,56,4530,3,1,14,0,4,8,2,0
68,79803.0,868,54,4231,3,1,12,0,4,5,3,1
40,80910.0,756,71,4810,2,0,14,0,3,8,3,1
44,27590.0,12,38,4636,3,1,3,0,1,2,0,0
47,56775.0,937,62,4747,3,1,23,0,5,10,8,1
51,83829.0,1862,78,4468,2,0,17,4,4,6,7,1
47,54210.0,367,18,4609,3,1,12,0,4,7,1,0
40,38508.0,443,95,4535,3,1,14,0,7,5,2,0
56,53187.0,267,66,4450,3,1,11,0,4,6,1,0
54,30023.0,61,28,4301,3,1,5,0,2,3,0,0
66,76045.0,1323,78,4430,2,0,20,1,4,11,5,1
74,50870.0,63,13,4214,3,1,5,0,2,3,0,0
56,15315.0,64,27,4534,2,0,6,0,2,4,0,0
52,65463.0,562,17,4354,3,1,17,1,6,9,2,1
61,66480.0,312,71,4233,4,2,12,0,4,7,1,0
72,76773.0,1156,79,4693,2,0,15,0,2,11,2,1
43,81698.0,1104,1,4689,2,0,15,2,8,5,2,1
53,54466.0,16,78,4344,4,2,3,0,1,2,0,0
66,98777.0,2008,23,4336,2,0,19,1,4,9,6,1
42,16269.0,44,75,4507,3,1,6,0,3,3,0,0
55,71819.0,1574,70,4509,3,1,11,2,3,5,3,1
43,33569.0,63,10,4460,3,1,4,2,1,2,1,0
43,36262.0,426,24,4486,2,0,11,2,3,3,5,1
60,22634.0,96,47,4733,2,0,5,0,2,2,1,0
48,47025.0,635,98,4494,3,1,18,0,11,6,1,1
58,70566.0,757,4,4470,3,1,20,0,6,9,5,1
47,31605.0,125,15,4788,3,1,7,0,2,4,1,0
53,52034.0,332,67,4612,4,2,11,0,4,5,2,0
47,48526.0,135,32,4391,3,1,7,0,2,4,1,0
72,46734.0,330,40,4792,3,1,12,0,6,5,1,0
64,39552.0,384,54,4762,4,2,13,1,6,5,2,0
60,86358.0,1722,78,4894,4,2,14,0,5,6,3,1
49,46931.0,78,94,4270,5,3,5,0,1,3,1,0
41,16581.0,24,51,4737,2,0,3,0,0,3,0,0
74,63998.0,1168,42,4395,2,0,24,1,7,11,6,1
75,67381.0,957,67,4734,3,1,13,1,2,9,2,1
59,25930.0,15,87,4466,4,2,3,0,1,2,0,0
48,42693.0,57,29,4226,3,1,4,0,1,3,0,0
50,85606.0,1956,89,4798,3,1,22,1,6,9,7,1
41,72903.0,2013,74,4447,2,0,20,4,7,8,5,1
52,49669.0,326,97,4240,3,1,12,0,5,6,1,0
58,36778.0,77,63,4897,4,2,6,0,3,3,0,0
64,85696.0,1313,88,4626,2,0,19,1,4,9,6,1
37,10979.0,30,34,4242,2,0,6,0,3,3,0,0
65,49678.0,315,81,4716,3,1,12,0,6,4,2,0
73,56129.0,660,65,4578,3,1,18,0,6,10,2,1
37,37155.0,74,51,4718,3,1,6,0,2,4,0,0
48,21282.0,46,76,4253,3,1,5,0,2,2,1,0
64,33419.0,86,76,4520,3,1,6,0,2,4,0,0
81,63285.0,1103,84,4440,2,0,24,0,6,13,5,1
52,21255.0,61,56,4363,3,1,7,0,2,4,1,0
45,42162.0,145,31,4426,3,1,7,2,3,3,1,0
70,54450.0,684,0,4857,4,2,19,0,9,8,2,1
72,57744.0,411,91,4433,3,1,14,0,9,4,1,1
40,26576.0,27,40,4828,3,1,3,2,1,2,0,0
83,57513.0,1060,59,4562,2,0,25,0,9,13,3,1
62,68142.0,1459,96,4873,3,1,21,0,10,7,4,1
47,7500.0,18,61,4873,3,1,3,0,1,2,0,0
52,83145.0,1833,14,4849,2,0,25,2,5,11,9,1
66,54197.0,237,16,4291,3,1,10,0,1,6,3,1
63,23091.0,48,98,4236,4,2,6,0,2,3,1,0
50,46049.0,515,11,4547,4,2,16,1,5,9,2,1
52,56715.0,1020,52,4775,2,0,14,0,7,4,3,1
65,79410.0,1370,19,4235,2,0,10,0,3,5,2,1
75,57304.0,1026,61,4679,3,1,23,0,7,10,6,1
61,44375.0,301,73,4302,3,1,11,0,4,6,1,0
70,54450.0,684,0,4857,4,2,19,0,9,8,2,1
61,59594.0,499,74,4821,3,1,16,1,8,7,1,1
32,80685.0,1004,55,4880,2,0,20,0,6,10,4,1
52,40344.0,218,48,4463,3,1,10,0,4,5,1,0
54,62710.0,606,53,4606,3,1,18,0,4,12,2,1
58,48985.0,75,13,4563,3,1,5,0,1,3,1,0
58,35322.0,106,34,4880,5,3,6,0,2,4,0,0
78,77142.0,990,54,4600,2,0,16,0,4,8,4,1
57,81657.0,1097,69,4362,2,0,15,0,3,8,4,1
30,14421.0,16,81,4336,2,0,3,1,1,2,0,0
52,20130.0,34,99,4308,2,0,4,0,1,3,0,0
36,74214.0,1711,3,4876,2,0,15,0,8,5,2,1
69,66726.0,438,61,4372,4,2,14,1,8,4,2,1
47,23724.0,75,65,4741,3,1,5,0,2,3,0,0
66,47353.0,225,93,4432,3,1,10,0,2,6,2,0
74,33444.0,18,24,4807,4,2,3,0,1,2,0,0
45,54386.0,470,8,4612,3,1,15,0,3,10,2,1
45,28510.0,91,72,4646,4,2,6,0,2,4,0,0
35,90638.0,2525,29,4340,2,0,17,1,3,10,4,1
76,48070.0,504,33,4736,3,1,16,0,8,6,2,0
69,43140.0,235,68,4744,3,1,10,0,4,5,1,0
65,54959.0,1232,55,4730,3,1,18,2,9,4,5,1
68,15056.0,88,76,4626,4,2,7,0,2,3,2,0
55,26954.0,17,17,4256,3,1,3,0,1,2,0,0
41,22327.0,24,94,4535,3,1,4,0,1,3,0,0
61,44393.0,60,86,4515,4,2,5,0,1,4,0,0
74,62000.0,1020,25,4512,3,1,25,1,6,13,6,1
64,31497.0,155,22,4774,3,1,8,0,3,4,1,0
52,45894.0,51,15,4326,4,2,4,0,1,3,0,0
56,78579.0,1812,35,4758,2,0,15,1,5,4,6,1
57,67369.0,1461,81,4793,3,1,21,3,7,10,4,1
66,58401.0,96,55,4274,3,1,5,0,1,2,2,0
74,62307.0,160,94,4336,3,1,8,0,4,4,0,0
57,43641.0,139,50,4637,4,2,7,0,2,4,1,0
58,63841.0,908,64,4638,3,1,21,0,9,9,3,1
61,46891.0,183,91,4505,3,1,7,0,2,4,1,0
57,70091.0,1161,11,4659,3,1,17,1,5,10,2,1
54,78075.0,988,72,4289,2,0,13,0,3,5,5,1
65,59184.0,1072,6,4862,3,1,24,0,6,12,6,1
49,54809.0,174,0,4495,4,2,8,0,2,5,1,0
67,58113.0,758,66,4724,3,1,19,0,9,8,2,1
68,51412.0,195,42,4384,3,1,9,0,3,4,2,0
47,15287.0,31,60,4831,3,1,4,2,1,2,1,0
69,66636.0,1084,64,4520,2,0,16,0,3,9,4,1
70,50965.0,685,87,4698,3,1,19,1,10,5,4,1
61,84618.0,1672,96,4423,2,0,25,1,6,10,9,1
36,18351.0,43,1,4447,2,0,5,0,2,3,0,0
69,40451.0,49,54,4337,4,2,4,1,1,2,1,0
61,36317.0,133,53,4607,3,1,7,0,3,4,0,0
69,42213.0,363,96,4464,3,1,13,1,5,7,1,0
71,65748.0,545,58,4644,3,1,16,0,2,10,4,1
54,77044.0,1065,12,4449,3,1,29,1,7,11,11,1
57,74918.0,2047,78,4678,2,0,20,1,5,6,9,1
54,56721.0,296,64,4810,4,2,10,0,4,5,1,0
51,42160.0,140,26,4570,4,2,7,1,2,4,1,0
61,61559.0,530,8,4551,3,1,16,0,4,10,2,1
63,33629.0,152,49,4894,4,2,8,0,3,4,1,0
35,68682.0,1598,56,4470,2,0,23,0,4,10,9,1
63,34377.0,114,55,4730,3,1,6,0,2,2,2,0
40,8940.0,101,25,4880,3,1,7,0,3,3,1,0
53,26228.0,25,50,4484,3,1,3,0,1,2,0,0
69,77297.0,789,84,4723,2,0,21,1,5,9,7,1
45,40211.0,87,30,4538,4,2,5,1,2,2,1,0
68,33438.0,90,81,4484,4,2,7,0,2,4,1,0
67,75032.0,1215,74,4631,3,1,18,0,5,9,4,1
71,61284.0,811,76,4464,2,0,21,1,11,8,2,1
40,22518.0,61,36,4819,3,1,5,2,2,2,1,0
51,54730.0,405,64,4522,3,1,13,0,4,8,1,0
71,38452.0,72,62,4295,4,2,6,0,3,3,0,0
55,44421.0,189,53,4703,4,2,9,0,5,4,0,0
40,38197.0,40,86,4569,3,1,4,0,1,3,0,0
48,41986.0,63,15,4344,3,1,7,0,3,4,0,0
43,28427.0,52,67,4669,3,1,5,0,2,3,0,0
50,37395.0,39,47,4262,3,1,4,0,1,3,0,0
55,64722.0,805,47,4238,3,1,21,0,8,11,2,1
70,55249.0,130,81,4277,3,1,7,0,2,4,1,0
54,84906.0,1631,98,4472,2,0,23,3,5,12,6,1
37,28691.0,34,56,4564,3,1,4,0,1,3,0,0
74,44213.0,152,48,4416,4,2,8,0,2,5,1,0
42,25707.0,21,18,4366,3,1,4,0,1,3,0,0
59,59062.0,71,74,4473,5,3,5,0,2,3,0,0
64,76624.0,899,68,4240,3,1,22,1,5,7,10,1
79,66000.0,711,36,4274,2,0,9,0,1,5,3,1
48,27683.0,351,90,4898,3,1,12,0,6,4,2,0
55,1730.0,8,65,4246,2,0,0,0,0,0,0,1
34,7500.0,119,63,4777,3,1,7,0,3,2,2,0
58,40521.0,21,82,4654,4,2,3,0,0,2,1,0
53,20427.0,10,63,4301,3,1,3,0,1,2,0,0
51,65106.0,973,55,4240,3,1,24,1,8,13,3,1
61,69969.0,1536,64,4510,2,0,12,3,4,6,2,1
74,67433.0,992,51,4552,4,2,24,1,6,13,5,1
59,77766.0,1529,97,4696,3,1,32,2,11,11,10,1
54,74716.0,860,92,4494,3,1,15,0,7,5,3,1
63,68118.0,928,51,4458,3,1,21,0,8,4,9,1
56,55158.0,418,72,4903,4,2,14,1,7,5,2,0
71,62972.0,587,39,4899,3,1,14,1,7,3,4,1
51,74190.0,641,49,4252,3,1,17,0,4,11,2,1
50,39356.0,23,21,4306,4,2,3,1,1,2,0,0
57,76653.0,2279,91,4521,2,0,22,2,4,11,7,1
53,35860.0,49,37,4245,4,2,4,1,1,2,1,0
43,90687.0,1779,98,4607,2,0,16,2,6,8,2,1
44,73450.0,1804,85,4410,2,0,26,2,7,11,8,1
66,31454.0,48,40,4562,4,2,5,0,2,3,0,0
74,47139.0,83,2,4319,4,2,5,1,2,2,1,0
51,83829.0,1862,78,4468,2,0,17,4,4,6,7,1
63,53378.0,793,41,4847,4,2,19,1,9,6,4,1
56,19656.0,84,94,4710,3,1,6,0,2,3,1,0
78,45579.0,183,10,4517,3,1,9,0,4,4,1,0
68,85485.0,1383,73,4212,2,0,18,0,6,6,6,1
82,55956.0,999,22,4287,2,0,14,1,7,4,3,1
63,64191.0,825,30,4727,3,1,21,0,5,13,3,1
54,38808.0,246,21,4876,3,1,10,2,5,4,1,0
60,57183.0,610,51,4671,4,2,17,0,9,7,1,1
58,23748.0,76,97,4789,3,1,6,0,2,3,1,0
55,66303.0,1286,56,4692,3,1,18,1,3,11,4,1
51,37368.0,30,4,4399,3,1,3,1,1,2,0,0
62,40800.0,99,77,4748,5,3,6,0,3,3,0,0
48,71847.0,1192,95,4850,2,0,22,1,6,9,7,1
51,46149.0,362,36,4416,3,1,13,0,5,7,1,0
43,78687.0,2130,13,4893,2,0,18,2,4,8,6,1
55,49118.0,1229,90,4884,2,0,26,3,9,10,7,1
69,37633.0,38,49,4851,4,2,4,0,1,3,0,0
75,39767.0,485,18,4547,2,0,15,0,7,7,1,1
75,26997.0,434,89,4805,2,0,11,0,4,5,2,1
56,33986.0,44,43,4676,3,1,4,0,1,3,0,0
54,57091.0,496,82,4787,3,1,16,2,9,5,2,1
57,46831.0,78,84,4590,4,2,5,0,1,2,2,0
54,83151.0,2346,80,4708,2,0,22,4,5,10,7,1
55,52531.0,794,68,4750,2,0,19,0,7,10,2,1
70,15759.0,17,12,4501,2,0,3,0,1,2,0,0
55,22804.0,26,75,4537,3,1,4,0,2,2,0,0
53,43050.0,76,10,4307,3,1,6,0,2,4,0,0
49,42997.0,15,91,4408,4,2,3,0,1,2,0,0
63,48918.0,62,21,4282,4,2,5,0,1,4,0,0
72,60033.0,198,28,4296,3,1,8,0,2,5,1,0
48,34043.0,49,97,4451,3,1,4,0,2,2,0,0
60,57811.0,802,49,4574,3,1,20,1,7,11,2,1
80,78569.0,1736,14,4334,2,0,14,2,4,4,6,1
48,7500.0,57,5,4753,4,2,6,0,2,3,1,0
55,157733.0,59,37,4594,3,1,2,0,1,1,0,1
73,94384.0,2302,62,4686,2,0,18,4,5,5,8,1
41,23148.0,37,83,4335,2,0,5,0,2,3,0,0
56,44267.0,310,48,4693,4,2,11,0,5,4,2,0
47,71626.0,1305,94,4809,2,0,18,1,5,8,5,1
60,60894.0,832,61,4570,3,1,21,0,10,8,3,1
50,50200.0,401,70,4656,4,2,13,0,7,5,1,0
61,81051.0,1501,43,4241,2,0,22,2,5,12,5,1
44,65169.0,1189,23,4370,2,0,27,5,10,13,4,1
54,59868.0,1194,37,4546,3,1,25,0,11,12,2,1
66,65695.0,656,50,4353,3,1,19,0,5,10,4,1
70,64857.0,1540,78,4787,2,0,22,0,7,10,5,1
61,45143.0,311,74,4511,3,1,12,0,6,5,1,0
71,74805.0,820,14,4439,3,1,21,0,4,10,7,1
37,59060.0,274,77,4373,3,1,11,0,3,7,1,0
64,27238.0,57,39,4639,4,2,6,0,3,3,0,0
61,47009.0,448,89,4475,3,1,13,0,3,8,2,1
53,46094.0,44,62,4223,4,2,4,0,1,3,0,0
54,40321.0,102,59,4539,4,2,6,0,3,3,0,0
42,37235.0,61,68,4352,3,1,4,0,1,2,1,0
66,81843.0,1643,13,4637,2,0,26,0,5,12,9,1
68,46692.0,397,37,4592,3,1,12,0,6,5,1,0
58,77382.0,1121,36,4377,3,1,24,1,5,12,7,1
49,37774.0,473,28,4868,4,2,12,2,7,3,2,1
52,18393.0,50,2,4296,3,1,6,0,3,3,0,0
64,72828.0,1678,17,4704,3,1,22,0,6,13,3,1
44,24711.0,58,86,4276,2,0,6,0,3,3,0,0
51,45503.0,170,54,4481,3,1,8,0,3,4,1,0
44,6560.0,373,2,4403,2,0,2,0,1,1,0,1
81,71604.0,1196,3,4428,2,0,16,2,8,5,3,1
47,27244.0,101,84,4318,3,1,6,0,2,2,2,0
57,48752.0,316,8,4768,4,2,12,1,6,5,1,0
64,71434.0,1400,4,4488,3,1,18,2,7,7,4,1
78,90842.0,1424,57,4539,2,0,26,0,4,13,9,1
48,88097.0,844,24,4884,3,1,19,4,6,8,5,1
51,51948.0,311,51,4489,3,1,11,0,5,4,2,0
44,71853.0,1149,29,4621,2,0,16,0,2,6,8,1
43,35876.0,129,13,4274,2,0,7,0,3,3,1,0
74,40049.0,32,23,4460,3,1,4,0,1,3,0,0
44,39660.0,299,36,4894,3,1,11,1,7,3,1,0
64,50127.0,320,88,4235,3,1,12,1,5,6,1,0
49,43263.0,441,2,4789,3,1,13,0,5,6,2,0
77,62845.0,1178,3,4840,4,2,17,2,3,10,4,1
36,18929.0,85,15,4702,2,0,5,0,1,4,0,0
44,24367.0,24,58,4670,3,1,3,0,1,2,0,0
51,33249.0,112,11,4698,3,1,6,0,2,3,1,0
67,26887.0,30,27,4708,3,1,4,0,1,3,0,0
43,50150.0,410,32,4578,2,0,14,0,5,7,2,0
50,62061.0,800,12,4506,3,1,21,1,10,7,4,1
64,85696.0,1313,88,4626,2,0,19,1,4,9,6,1
70,76542.0,1483,91,4660,2,0,22,0,4,10,8,1
33,70515.0,1258,12,4455,2,0,16,1,6,4,6,1
39,18227.0,28,21,4802,3,1,3,0,0,2,1,0
61,69139.0,227,23,4357,3,1,10,0,4,5,1,0
44,69109.0,1555,10,4801,2,0,19,2,6,7,6,1
64,69627.0,861,35,4673,3,1,21,0,8,11,2,1
48,38136.0,103,69,4637,3,1,6,1,3,2,1,0
80,62159.0,634,68,4266,2,0,18,0,6,10,2,1
63,80695.0,1918,85,4386,2,0,18,0,5,5,8,1
55,33316.0,131,34,4472,4,2,7,0,2,4,1,0
58,58554.0,586,55,4845,4,2,16,0,8,6,2,1
34,17256.0,62,10,4422,3,1,5,1,2,2,1,0
52,53034.0,447,30,4599,4,2,14,0,6,7,1,0
76,52203.0,939,36,4902,2,0,26,0,8,11,7,1
49,59601.0,797,14,4543,3,1,11,1,2,7,2,1
68,75154.0,1143,79,4867,3,1,15,1,6,6,3,1
50,47025.0,415,52,4438,3,1,14,0,6,5,3,0
53,37971.0,30,97,4420,3,1,4,0,1,3,0,0
58,41335.0,187,24,4389,3,1,9,0,4,4,1,0
68,67267.0,251,0,4251,3,1,10,0,3,5,2,0
51,57338.0,237,96,4265,3,1,10,0,4,5,1,0
66,50523.0,91,89,4390,4,2,6,0,2,4,0,0
61,35791.0,35,94,4623,5,3,4,0,1,3,0,0
66,50611.0,493,98,4837,3,1,16,1,4,7,5,1
57,56242.0,971,72,4687,3,1,23,0,8,11,4,1
66,48904.0,371,1,4778,3,1,13,0,7,4,2,0
51,56243.0,396,26,4385,5,3,14,0,4,8,2,0
41,21355.0,68,5,4517,3,1,5,2,2,2,1,0
55,57420.0,322,22,4573,3,1,12,1,5,6,1,0
56,51381.5,317,39,4658,3,1,12,0,4,6,2,0
71,46390.0,222,56,4259,3,1,9,0,4,3,2,0
70,54342.0,177,74,4565,4,2,8,0,3,4,1,0
68,51381.5,45,87,4868,4,2,4,0,1,3,0,0
62,51381.5,21,49,4372,4,2,3,0,1,2,0,0
53,20895.0,45,24,4835,3,1,5,0,2,3,0,0
78,92344.0,1899,9,4369,2,0,20,2,5,5,10,1
54,51381.5,42,17,4323,3,1,4,0,1,3,0,0
50,26907.0,22,10,4517,4,2,4,0,1,3,0,0
46,44964.0,41,35,4764,4,2,4,0,1,3,0,0
47,75507.0,1440,56,4262,2,0,20,0,8,6,6,1
54,53761.0,325,7,4465,4,2,11,0,4,3,4,1
53,22682.0,95,51,4473,3,1,7,0,2,4,1,0
54,38887.0,42,17,4323,3,1,4,0,1,3,0,0
51,41658.0,72,30,4801,4,2,4,0,1,2,1,0
54,29791.0,20,21,4249,3,1,5,0,2,3,0,0
70,63915.0,789,2,4538,4,2,21,0,6,12,3,1
52,39996.0,15,85,4242,4,2,3,0,1,2,0,0
54,26759.0,59,65,4346,3,1,6,0,2,3,1,0
58,63841.0,908,64,4638,3,1,21,0,9,9,3,1
57,51039.0,417,11,4770,4,2,12,0,6,4,2,1
65,60544.0,289,92,4877,4,2,11,0,5,5,1,0
54,65685.0,769,54,4296,3,1,20,0,9,9,2,1
73,37716.0,188,4,4273,3,1,8,0,4,3,1,0
69,36864.0,354,53,4889,3,1,11,1,5,4,2,0
56,44511.0,727,39,4829,3,1,20,0,8,8,4,1
59,36947.0,146,49,4895,4,2,7,0,3,4,0,0
75,47352.0,319,70,4648,3,1,12,0,6,5,1,0
73,67087.0,794,40,4398,3,1,20,0,7,8,5,1
76,57045.0,454,40,4863,3,1,15,0,4,9,2,1
73,36957.0,152,43,4865,4,2,7,1,3,2,2,0
49,69389.0,797,17,4843,3,1,21,0,7,12,2,1
54,80134.0,1690,40,4609,3,1,14,4,5,6,3,1
57,43142.0,20,84,4335,4,2,3,0,1,2,0,0
82,80589.0,1428,25,4362,2,0,20,2,5,5,10,1
36,34412.0,209,62,4705,3,1,8,0,5,3,0,0
47,57537.0,545,83,4588,3,1,15,0,4,8,3,1
60,22634.0,96,47,4733,2,0,5,0,2,2,1,0
78,51315.0,222,45,4330,2,0,9,0,2,5,2,0
54,36026.0,61,34,4309,5,3,5,0,2,3,0,0
53,24639.0,44,3,4356,4,2,6,0,2,4,0,0
54,34578.0,8,1,4283,5,3,3,0,1,2,0,0
54,65704.0,817,18,4463,2,0,22,0,2,10,10,1
60,63810.0,1371,45,4799,3,1,19,1,4,12,3,1
57,54132.0,42,81,4337,3,1,4,0,1,3,0,0
67,18690.0,60,77,4752,2,0,4,0,1,2,1,0
56,28164.0,78,23,4625,3,1,6,0,2,4,0,0
52,34596.0,23,48,4646,3,1,3,0,1,2,0,0
54,43269.0,19,61,4490,3,1,3,0,1,2,0,0
68,38741.0,61,60,4295,4,2,5,0,2,3,0,0
54,31907.0,449,75,4686,2,0,13,0,6,6,1,1
43,27100.0,37,64,4654,3,1,4,0,1,3,0,0
53,31163.0,38,54,4340,3,1,4,0,1,3,0,0
41,92533.0,1131,84,4396,2,0,22,2,6,11,5,1
53,34853.0,34,75,4392,4,2,5,0,2,3,0,0
59,70844.0,294,16,4446,4,2,12,0,6,5,1,0
47,31086.0,48,79,4625,4,2,4,1,1,2,1,0
65,60544.0,289,92,4877,4,2,11,0,5,5,1,0
40,20491.0,30,16,4724,2,0,3,0,0,2,1,0
62,42523.0,125,96,4271,2,0,6,0,1,4,1,0
43,39922.0,156,30,4704,3,1,7,0,3,4,0,0
74,33402.0,70,60,4550,4,2,6,0,2,3,1,0
77,36408.0,22,11,4485,4,2,3,0,1,2,0,0
47,21645.0,65,75,4868,3,1,6,1,3,3,0,0
78,78427.0,1930,36,4817,2,0,20,2,3,10,7,1
80,82657.0,2283,71,4479,2,0,22,2,7,10,5,1
68,51876.0,310,88,4461,2,0,12,0,2,8,2,1
55,78041.0,1319,93,4764,2,0,17,0,4,9,4,1
69,52852.0,879,93,4779,3,1,22,1,10,5,7,1
44,70038.0,1244,54,4451,2,0,16,0,4,8,4,1
53,69401.0,690,41,4302,3,1,13,0,4,5,4,1
54,46053.0,209,46,4701,3,1,9,0,3,4,2,0
61,77343.0,1134,28,4224,2,0,16,0,3,9,4,1
73,73892.0,1507,40,4432,2,0,22,1,3,8,11,1
59,40304.0,57,82,4476,3,1,5,0,2,3,0,0
61,32727.0,529,38,4874,2,0,15,0,7,5,3,1
57,68695.0,1091,3,4208,2,0,15,0,4,7,4,1
55,43300.0,180,87,4828,3,1,8,1,4,4,0,0
54,26290.0,77,49,4737,4,2,6,0,2,4,0,0
56,93790.0,2349,16,4341,2,0,25,4,6,12,7,1
52,38410.0,534,65,4857,2,0,16,1,5,9,2,1
76,64866.0,556,9,4358,3,1,17,1,7,7,3,1
67,57957.0,637,24,4518,3,1,18,0,4,8,6,1
71,46015.0,46,25,4281,4,2,4,2,1,3,0,0
48,16531.0,44,43,4215,3,1,6,0,3,3,0,0
40,28072.0,47,10,4560,3,1,4,0,1,3,0,0
63,49476.0,795,29,4578,3,1,18,0,2,5,11,1
73,50725.0,586,45,4705,3,1,17,0,8,8,1,1
74,83844.0,1574,57,4617,2,0,19,1,4,11,4,1
76,41145.0,13,20,4345,4,2,3,0,0,3,0,0
56,67419.0,1471,29,4733,3,1,21,0,9,8,4,1
56,23162.0,65,82,4394,4,2,5,0,1,3,1,0
49,34380.0,175,68,4627,3,1,8,0,4,3,1,0
60,34704.0,40,65,4632,3,1,4,0,1,3,0,0
57,94871.0,1078,99,4870,4,2,17,3,8,4,5,1
68,65148.0,1115,9,4794,3,1,19,0,6,7,6,1
72,39898.0,134,20,4706,3,1,7,0,3,4,0,0
70,64857.0,1540,78,4787,2,0,22,0,7,10,5,1
56,59892.0,87,26,4443,3,1,6,0,2,3,1,0
39,41020.0,217,68,4448,2,0,9,0,3,4,2,0
65,57072.0,1034,79,4360,3,1,25,1,7,13,5,1
47,60474.0,1180,25,4658,3,1,24,0,10,12,2,1
66,62807.0,819,83,4871,3,1,20,0,5,12,3,1
45,19414.0,32,32,4460,3,1,4,0,1,3,0,0
46,19107.0,46,49,4515,3,1,4,0,1,3,0,0
50,75484.0,1159,50,4900,3,1,16,0,7,6,3,1
50,70379.0,860,84,4687,3,1,22,0,6,13,3,1
56,79419.0,1631,96,4211,2,0,14,0,4,4,6,1
80,64014.0,444,56,4223,5,3,15,1,8,5,2,0
71,76998.0,1910,85,4738,3,1,27,1,11,8,8,1
54,49854.0,380,63,4435,3,1,13,0,6,5,2,0
55,60585.0,736,17,4574,4,2,20,1,7,9,4,1
76,42873.0,269,11,4728,4,2,11,0,6,4,1,0
38,87679.0,2524,62,4541,2,0,28,4,7,10,11,1
48,57867.0,612,48,4475,3,1,18,0,7,9,2,1
36,35765.0,75,86,4404,3,1,6,0,2,4,0,0
67,65492.0,1045,73,4358,2,0,24,0,4,13,7,1
49,32952.0,55,36,4414,3,1,5,0,2,3,0,0
57,53374.0,1064,34,4886,3,1,15,2,4,9,2,1
67,71706.0,1443,16,4797,3,1,21,0,9,7,5,1
38,68487.0,1366,48,4736,2,0,29,0,9,13,7,1
51,53253.0,436,61,4707,4,2,12,0,4,5,3,1
53,31163.0,38,54,4340,3,1,4,0,1,3,0,0
49,42014.0,436,56,4885,3,1,14,1,7,6,1,0
53,54108.0,747,74,4805,4,2,19,0,8,9,2,1
71,49667.0,1396,35,4882,2,0,20,2,5,5,10,1
52,63206.0,928,65,4305,2,0,13,1,4,6,3,1
54,57136.0,642,48,4559,4,2,17,0,5,10,2,1
51,46772.0,1048,88,4803,3,1,24,1,11,5,8,1
55,78931.0,943,19,4451,2,0,23,0,2,13,8,1
68,53977.0,907,21,4590,3,1,22,0,5,12,5,1
38,84219.0,1198,27,4351,2,0,17,0,3,10,4,1
51,46098.0,120,86,4884,4,2,7,0,3,2,2,0
61,73538.0,1658,92,4785,3,1,23,0,10,9,4,1
40,79529.0,1638,1,4267,2,0,21,0,4,9,8,1
49,20981.0,73,14,4629,2,0,6,1,3,2,1,0
46,51766.0,275,74,4314,3,1,10,0,4,4,2,0
64,55759.0,854,84,4782,3,1,21,0,10,8,3,1
48,33039.0,78,4,4497,3,1,6,0,2,4,0,0
54,37787.0,106,50,4486,3,1,6,0,3,3,0,0
56,27242.0,106,2,4799,3,1,5,1,2,3,0,0
43,87188.0,1923,73,4595,2,0,18,1,10,6,2,1
55,69930.0,1662,21,4603,2,0,21,0,4,12,5,1
50,37697.0,84,82,4346,3,1,6,0,2,3,1,0
53,37401.0,48,14,4258,3,1,5,0,2,3,0,0
53,3502.0,5,56,4646,3,1,0,0,0,0,0,1
50,58597.0,733,20,4790,4,2,20,0,7,9,4,1
78,82032.0,1234,54,4289,2,0,17,0,4,7,6,1
68,28087.0,112,77,4769,4,2,6,0,2,2,2,0
39,74004.0,1658,5,4329,2,0,14,3,4,4,6,1
66,19740.0,55,65,4666,3,1,5,0,1,3,1,0
51,57036.0,1513,33,4769,3,1,22,1,6,13,3,1
68,53083.0,271,65,4614,4,2,11,1,5,5,1,0
51,69283.0,904,41,4219,3,1,23,0,7,13,3,1
51,46098.0,120,86,4884,4,2,7,1,3,2,2,0
38,23331.0,103,92,4867,3,1,6,0,3,3,0,0
38,23331.0,269,97,4836,3,1,11,0,5,5,1,0
37,9255.0,22,91,4395,3,1,4,0,1,2,1,0
67,67786.0,1156,0,4408,2,0,15,1,3,6,6,1
55,71969.0,1086,59,4825,3,1,16,1,3,9,4,1
59,59235.0,1128,4,4737,3,1,25,0,11,12,2,1
37,31928.0,72,5,4297,3,1,7,0,3,4,0,0
65,74881.0,964,48,4682,4,2,23,0,9,12,2,1
48,65819.0,1383,99,4781,2,0,19,0,5,10,4,1
73,51411.0,18,81,4603,5,3,3,0,0,3,0,0
62,51983.0,793,95,4871,3,1,21,0,9,10,2,1
40,42386.0,100,43,4736,3,1,6,0,3,3,0,0
39,30390.0,80,5,4504,2,0,5,0,2,3,0,0
63,30983.0,167,50,4801,2,0,7,1,4,3,0,0
69,66033.0,677,76,4729,3,1,18,0,8,7,3,1
51,37284.0,23,46,4661,4,2,3,0,0,3,0,0
75,57530.0,92,68,4464,3,1,6,0,1,4,1,0
61,76800.0,641,33,4317,2,0,15,0,4,7,4,1
70,63943.0,1106,50,4869,3,1,16,0,6,6,4,1
64,76081.0,1033,85,4241,2,0,13,1,4,4,5,1
52,67445.0,1174,63,4890,3,1,27,0,9,12,6,1
59,37054.0,25,89,4491,4,2,4,0,1,3,0,0
64,47175.0,240,81,4813,4,2,10,2,4,4,2,0
50,31859.0,20,77,4584,3,1,3,0,1,2,0,0
65,27215.0,102,50,4726,5,3,7,0,2,4,1,0
50,70179.0,1034,10,4547,3,1,23,0,7,13,3,1
43,39922.0,156,30,4704,3,1,7,0,3,4,0,0
50,49681.0,458,66,4441,4,2,15,0,7,7,1,0
38,24645.0,17,16,4809,3,1,3,0,1,2,0,0
72,79865.0,792,12,4215,3,1,20,0,5,5,10,1
41,44322.0,92,30,4217,3,1,6,0,3,3,0,0
74,47958.0,407,8,4730,3,1,14,0,6,5,3,0
62,63972.0,1269,93,4778,3,1,19,1,5,10,4,1
72,75315.0,841,14,4279,3,1,21,0,5,12,4,1
76,55517.0,633,53,4844,4,2,18,1,11,6,1,1
69,75283.0,1019,26,4663,5,3,14,0,6,5,3,1
80,82800.0,1315,23,4786,2,0,25,3,7,12,6,1
72,38998.0,54,92,4807,4,2,5,0,2,3,0,0
35,90638.0,2525,29,4340,2,0,17,2,3,10,4,1
40,27161.0,52,41,4448,3,1,4,0,1,3,0,0
49,42014.0,436,56,4885,3,1,14,1,7,6,1,0
66,38201.0,268,19,4661,3,1,11,0,5,5,1,0
44,45203.0,147,4,4302,4,2,7,1,3,3,1,0
79,81574.0,1798,89,4266,2,0,17,2,4,8,5,1
34,34935.0,137,71,4577,2,0,7,0,2,4,1,0
50,60482.0,507,81,4726,3,1,16,0,7,7,2,0
70,34633.0,15,31,4361,5,3,3,0,1,2,0,0
79,78093.0,1105,53,4404,2,0,16,0,4,5,7,1
76,82460.0,974,78,4413,2,0,14,0,5,6,3,1
60,45903.0,66,80,4271,3,1,6,0,2,3,1,0
39,81361.0,778,18,4328,2,0,26,1,3,13,10,1
53,35860.0,49,37,4245,4,2,4,2,1,2,1,0
74,40442.0,169,52,4883,4,2,8,1,3,4,1,0
61,61482.0,299,39,4206,2,0,11,0,3,6,2,0
46,34968.0,221,11,4649,3,1,10,0,3,5,2,0
39,75794.0,1682,33,4391,2,0,24,1,7,12,5,1
64,31497.0,155,22,4774,3,1,8,0,3,4,1,0
71,74268.0,892,83,4704,2,0,12,0,4,5,3,1
38,13724.0,58,43,4871,3,1,4,1,2,2,0,0
61,45143.0,311,74,4511,3,1,12,0,6,5,1,0
59,52569.0,95,54,4289,3,1,6,0,2,4,0,0
53,48432.0,424,3,4823,3,1,14,1,7,6,1,0
66,17144.0,47,96,4338,4,2,7,0,3,4,0,0
42,36108.0,339,68,4461,3,1,12,1,7,4,1,0
55,76445.0,1410,2,4843,3,1,20,0,2,13,5,1
51,36663.0,35,40,4269,3,1,5,0,1,3,1,0
61,53843.0,562,64,4571,3,1,16,0,8,3,5,1
70,90226.0,2352,26,4845,2,0,23,1,4,12,7,1
71,70638.0,1334,69,4597,2,0,19,1,4,10,5,1
66,44512.0,32,57,4507,4,2,4,0,1,3,0,0
65,27116.0,41,78,4323,4,2,5,0,2,3,0,0
63,54072.0,39,71,4541,4,2,4,0,2,2,0,0
49,71855.0,1141,59,4733,3,1,21,0,5,11,5,1
36,51250.0,710,28,4660,3,1,19,1,10,4,5,1
53,60432.0,401,61,4316,3,1,14,0,7,5,2,0
62,65526.0,506,22,4283,3,1,16,0,4,8,4,1
38,68655.0,1538,95,4892,2,0,20,0,4,11,5,1
48,12393.0,57,38,4776,2,0,5,0,2,3,0,0
36,64509.0,1722,19,4520,2,0,18,2,6,9,3,1
51,33955.0,270,92,4528,3,1,11,0,5,5,1,0
49,31353.0,31,24,4386,4,2,4,1,1,2,1,0
42,55434.0,882,21,4471,3,1,21,0,5,13,3,1
43,28359.0,16,35,4449,3,1,3,0,1,2,0,0
39,57100.0,311,9,4246,3,1,12,0,3,7,2,0
61,69139.0,227,23,4357,3,1,10,0,4,5,1,0
70,52973.0,1152,92,4802,3,1,24,0,9,9,6,1
61,51717.0,122,55,4517,3,1,7,1,3,4,0,0
55,18793.0,77,14,4737,3,1,6,0,2,4,0,0
44,66664.0,1289,78,4846,2,0,18,0,5,6,7,1
67,50664.0,561,64,4733,4,2,15,0,8,6,1,1
63,54414.0,211,49,4726,4,2,9,0,3,5,1,0
74,54549.0,233,8,4322,3,1,10,0,5,4,1,0
55,47111.0,1092,35,4863,3,1,15,0,3,10,2,1
63,41003.0,601,11,4673,2,0,16,0,6,8,2,1
44,19444.0,54,8,4331,3,1,7,1,4,2,1,0
50,36301.0,78,53,4451,3,1,6,0,3,3,0,0
79,73059.0,1095,36,4506,3,1,25,0,9,13,3,1
57,42731.0,244,64,4455,3,1,10,0,4,5,1,0
67,52854.0,116,43,4301,4,2,7,0,2,4,1,0
48,22775.0,15,40,4579,3,1,3,0,1,2,0,0
78,46681.0,425,52,4468,4,2,14,0,4,4,6,1
71,59821.0,734,11,4647,3,1,20,0,11,7,2,1
72,50002.0,638,21,4581,3,1,17,0,8,7,2,1
81,69755.0,894,23,4474,2,0,21,0,3,12,6,1
57,44078.0,41,17,4214,4,2,5,0,2,3,0,0
50,30560.0,31,6,4571,3,1,4,0,1,3,0,0
57,35924.0,34,56,4302,4,2,4,0,1,3,0,0
62,64140.0,1750,71,4483,4,2,13,4,2,6,5,1
45,56386.0,612,51,4814,4,2,17,0,9,7,1,1
47,24594.0,29,94,4405,3,1,4,0,1,3,0,0
45,75774.0,823,27,4262,3,1,20,0,7,8,5,1
66,39228.0,20,1,4619,2,0,3,0,0,3,0,0
52,58494.0,396,56,4403,3,1,14,0,6,6,2,0
45,58684.0,813,71,4217,2,0,20,1,5,12,3,1
59,57136.0,1179,18,4611,2,0,19,1,7,7,5,1
76,56551.0,138,48,4257,4,2,7,0,2,4,1,0
44,22448.0,55,86,4327,3,1,6,0,2,3,1,0
65,82014.0,1511,48,4882,2,0,21,1,3,12,6,1
63,34213.0,117,2,4864,4,2,6,1,3,2,1,0
49,157146.0,1730,13,4630,2,0,28,0,0,0,28,1
79,25358.0,32,57,4546,3,1,4,0,1,3,0,0
48,35544.0,67,77,4317,3,1,5,0,2,3,0,0
72,36634.0,335,0,4601,3,1,12,0,5,5,2,0
72,62670.0,825,57,4351,3,1,21,0,5,13,3,1
54,50334.0,694,24,4544,3,1,17,0,7,6,4,1
45,72066.0,1792,55,4210,2,0,16,3,4,6,6,1
68,50729.0,496,62,4627,4,2,15,0,6,7,2,0
58,34916.0,231,89,4614,4,2,9,0,5,3,1,0
50,64892.0,902,77,4235,3,1,22,0,6,12,4,1
60,43602.0,68,45,4374,4,2,6,0,3,2,1,0
37,33996.0,71,46,4495,2,0,5,0,1,3,1,0
41,41473.0,76,80,4579,3,1,5,0,2,3,0,0
59,63246.0,772,60,4517,4,2,21,0,6,12,3,1
67,36732.0,47,71,4386,4,2,6,0,1,4,1,0
56,69084.0,1586,43,4426,3,1,23,0,7,13,3,1
59,77766.0,1529,97,4696,3,1,32,2,11,11,10,1
41,37929.0,265,49,4538,2,0,11,3,4,5,2,1
75,86610.0,1603,66,4501,2,0,17,0,5,6,6,1
40,80141.0,2091,20,4738,2,0,21,2,7,10,4,1
71,72635.0,981,54,4595,2,0,20,1,6,6,8,1
56,69016.0,1533,61,4788,3,1,30,0,8,13,9,1
35,20193.0,82,18,4782,2,0,6,0,1,4,1,0
51,27573.0,244,45,4665,3,1,10,0,5,4,1,0
47,15862.0,36,26,4571,3,1,4,0,1,3,0,0
50,49544.0,404,0,4706,3,1,14,0,5,8,1,0
46,33228.0,71,28,4361,3,1,5,0,2,3,0,0
48,70440.0,1572,49,4468,2,0,22,1,5,7,10,1
55,38232.0,122,84,4367,4,2,7,0,3,3,1,0
71,22554.0,41,38,4807,4,2,6,0,2,4,0,0
43,23536.0,10,53,4229,3,1,3,0,0,3,0,0
74,49413.0,304,88,4451,3,1,11,0,4,5,2,0
57,42231.0,37,99,4300,4,2,4,0,1,3,0,0
46,78789.0,1754,12,4894,2,0,15,1,4,5,6,1
58,56534.0,815,35,4545,3,1,21,3,10,7,4,1
55,58350.0,1001,5,4745,3,1,23,0,8,12,3,1
37,81217.0,1157,77,4549,2,0,21,0,3,11,7,1
75,49090.0,688,45,4549,3,1,18,0,7,9,2,1
39,61787.0,1319,71,4562,2,0,18,0,8,6,4,1
41,18169.0,21,40,4699,3,1,3,0,1,2,0,0
45,24336.0,31,82,4875,3,1,3,0,1,2,0,0
36,18222.0,67,70,4749,2,0,5,0,2,3,0,0
74,62335.0,708,87,4606,3,1,19,0,3,13,3,1
55,42033.0,25,95,4852,4,2,3,0,1,2,0,0
43,86580.0,746,72,4691,2,0,11,1,4,5,2,1
69,41437.0,32,5,4849,4,2,4,0,1,3,0,0
75,73705.0,1695,86,4320,4,2,23,0,9,8,6,1
50,61064.0,1080,80,4871,3,1,23,0,8,11,4,1
71,38452.0,72,62,4295,4,2,6,0,3,3,0,0
37,18358.0,57,49,4425,3,1,7,0,3,4,0,0
53,55012.0,660,85,4304,3,1,19,0,8,9,2,1
53,9722.0,103,7,4839,3,1,7,1,3,3,1,0
42,38175.0,153,6,4483,3,1,8,0,3,4,1,0
70,58656.0,1220,25,4851,3,1,28,1,7,13,8,1
61,52117.0,279,55,4886,3,1,11,0,5,4,2,0
48,64813.0,745,81,4382,3,1,19,0,7,10,2,1
53,54222.0,264,98,4324,3,1,11,0,3,5,3,0
40,83512.0,2157,31,4216,2,0,21,5,4,10,7,1
67,77520.0,1526,30,4509,3,1,22,4,8,7,7,1
48,41154.0,69,98,4650,3,1,5,0,1,4,0,0
60,80398.0,1597,92,4800,2,0,25,1,5,12,8,1
34,18746.0,64,41,4235,3,1,6,0,3,3,0,0
42,35196.0,497,68,4797,3,1,12,0,6,5,1,1
70,60230.0,1067,78,4609,3,1,15,0,6,6,3,1
49,22108.0,31,46,4256,4,2,5,0,2,3,0,0
52,44392.0,211,71,4501,4,2,9,0,4,4,1,0
50,55424.0,877,6,4785,3,1,21,2,7,9,5,1
47,17688.0,11,82,4736,3,1,3,0,1,2,0,0
43,92491.0,2034,71,4628,2,0,24,4,7,12,5,1
35,90273.0,1991,32,4401,2,0,18,4,5,7,6,1
64,82571.0,1686,28,4292,2,0,24,1,6,13,5,1
44,38513.0,324,20,4356,3,1,12,1,6,5,1,0
47,16653.0,69,10,4276,3,1,6,1,2,3,1,0
71,42586.0,252,7,4812,4,2,11,1,4,6,1,0
61,23529.0,54,67,4742,3,1,4,0,1,2,1,0
65,74881.0,964,48,4682,4,2,23,0,9,12,2,1
75,71107.0,1327,61,4701,3,1,26,0,7,13,6,1
62,46910.0,68,36,4302,4,2,5,0,2,3,0,0
67,18690.0,60,77,4752,2,0,4,0,1,2,1,0
71,37244.0,55,90,4632,4,2,4,1,1,2,1,0
60,82427.0,1456,35,4313,2,0,20,1,3,12,5,1
68,75342.0,563,38,4623,3,1,17,0,5,10,2,1
72,70044.0,1504,46,4700,3,1,22,0,7,5,10,1
59,79146.0,564,33,4270,4,2,17,0,8,8,1,1
63,77437.0,1125,70,4419,2,0,22,1,4,13,5,1
67,54984.0,358,51,4240,3,1,13,1,6,6,1,0
55,42403.0,42,18,4404,3,1,4,0,1,3,0,0
62,55761.0,184,97,4270,3,1,8,1,4,3,1,0
43,37292.0,460,32,4641,3,1,14,0,6,5,3,1
81,45576.0,145,9,4236,2,0,7,1,3,3,1,0
79,70321.0,1376,6,4733,2,0,24,1,6,13,5,1
57,58086.0,792,80,4729,3,1,21,0,11,7,3,1
74,81795.0,1382,74,4815,2,0,22,0,4,7,11,1
79,28389.0,28,49,4790,2,0,3,0,1,2,0,0
80,66835.0,1033,21,4478,2,0,23,0,6,13,4,1
57,69901.0,882,95,4600,3,1,20,0,7,10,3,1
77,80360.0,2231,56,4687,2,0,13,3,4,5,4,1
65,63342.0,1101,48,4825,3,1,16,2,8,5,3,1
52,44989.0,369,26,4859,3,1,11,0,5,5,1,0
46,31859.0,48,3,4326,3,1,4,0,1,3,0,0
77,51569.0,467,39,4706,3,1,15,2,7,7,1,1
55,30372.0,44,33,4755,4,2,5,0,2,3,0,0
47,16014.0,38,42,4673,4,2,6,0,1,4,1,0
58,41120.0,81,80,4439,4,2,6,0,2,3,1,0
55,39763.0,167,9,4533,3,1,8,1,5,2,1,0
71,38725.0,45,52,4254,4,2,5,0,1,4,0,0
54,77981.0,664,78,4603,3,1,18,0,7,7,4,1
62,62905.0,622,68,4496,3,1,17,0,7,8,2,1
47,13533.0,48,45,4680,3,1,5,0,2,3,0,0
51,59481.0,461,47,4453,3,1,14,0,3,8,3,1
49,72117.0,1073,34,4517,3,1,25,0,9,9,7,1
40,21955.0,55,81,4499,3,1,6,0,2,3,1,0
70,67131.0,976,72,4664,3,1,23,0,9,12,2,1
46,36802.0,20,23,4217,3,1,4,0,1,3,0,0
44,71853.0,1149,29,4621,2,0,16,0,2,6,8,1
65,28249.0,43,80,4218,2,0,5,0,2,3,0,0
51,47808.0,224,30,4456,3,1,8,1,3,3,2,0
52,25509.0,101,15,4853,3,1,6,1,3,3,0,0
80,51012.0,209,86,4641,2,0,9,0,4,4,1,0
41,70596.0,968,68,4836,2,0,20,0,3,12,5,1
74,85431.0,1165,54,4590,2,0,16,0,2,7,7,1
59,42664.0,24,44,4307,3,1,4,0,1,3,0,0
71,42586.0,252,7,4812,4,2,11,1,4,6,1,0
41,29760.0,165,87,4873,3,1,8,0,3,4,1,0
49,28973.0,269,59,4828,2,0,11,0,5,5,1,0
53,39435.0,102,16,4531,3,1,6,0,3,2,1,0
42,65370.0,461,1,4536,2,0,18,0,2,13,3,1
47,20194.0,47,64,4763,3,1,5,0,2,3,0,0
50,42473.0,144,72,4336,4,2,7,0,2,4,1,0
58,64590.0,1338,98,4827,2,0,23,0,9,10,4,1
67,71232.0,917,91,4417,3,1,23,0,11,10,2,1
55,34600.0,318,8,4748,4,2,12,1,5,5,2,0
59,46904.0,253,20,4807,4,2,10,0,5,4,1,0
53,49094.0,502,6,4850,3,1,15,0,6,6,3,0
43,36075.0,119,54,4406,3,1,6,0,2,4,0,0
47,60839.0,1250,72,4874,4,2,16,0,2,12,2,1
47,77298.0,969,46,4443,3,1,23,0,6,11,6,1
76,34026.0,76,11,4532,4,2,6,0,2,3,1,0
63,48918.0,62,21,4282,4,2,5,0,1,4,0,0
64,82122.0,1382,89,4522,2,0,25,1,3,13,9,1
50,37697.0,84,82,4346,3,1,6,0,2,3,1,0
74,34074.0,255,69,4555,4,2,9,1,3,3,3,0
66,28520.0,43,55,4584,4,2,4,0,1,2,1,0
71,62535.0,398,13,4473,3,1,13,0,3,8,2,1
49,36273.0,76,80,4278,3,1,6,0,3,3,0,0
62,63404.0,902,97,4227,4,2,13,1,6,4,3,1
45,75774.0,823,27,4262,3,1,20,0,7,8,5,1
50,78416.0,1179,99,4206,3,1,24,0,7,10,7,1
52,75702.0,1921,87,4827,3,1,28,1,10,13,5,1
75,59385.0,185,85,4631,4,2,8,0,3,4,1,0
60,37070.0,433,30,4670,4,2,14,1,5,8,1,1
75,44689.0,34,82,4374,4,2,4,1,1,2,1,0
68,53977.0,907,21,4590,3,1,22,0,5,12,5,1
60,7144.0,416,92,4408,4,2,25,0,23,1,1,1
62,18701.0,44,95,4594,4,2,6,0,2,4,0,0
70,90369.0,1588,2,4266,2,0,16,1,4,6,6,1
52,63159.0,1797,74,4805,2,0,16,1,3,8,5,1
60,37758.0,40,49,4837,4,2,4,0,1,3,0,0
63,46757.0,1143,71,4794,3,1,15,0,4,7,4,1
57,79734.0,914,72,4205,2,0,13,1,4,6,3,1
34,63207.0,1502,68,4729,2,0,11,1,2,6,3,1
72,72071.0,1338,4,4704,3,1,17,0,5,8,4,1
43,21840.0,27,80,4547,3,1,4,0,1,3,0,0
44,58582.0,763,15,4478,3,1,20,1,9,9,2,1
75,72282.0,1331,70,4549,2,0,21,1,5,9,7,1
70,50387.0,525,91,4506,4,2,16,0,6,8,2,1
65,32583.0,9,10,4218,4,2,3,0,1,2,0,0
64,62568.0,953,99,4287,3,1,13,1,5,5,3,1
55,44635.0,68,25,4465,4,2,5,0,2,3,0,0
55,33316.0,131,34,4472,4,2,7,0,2,4,1,0
58,63967.0,882,57,4528,3,1,20,0,4,12,4,1
48,52513.0,1149,84,4867,2,0,23,0,9,9,5,1
57,25293.0,37,51,4491,3,1,4,0,1,2,1,0
61,54111.0,388,97,4512,3,1,13,0,5,6,2,0
40,78394.0,1428,13,4703,2,0,15,1,4,5,6,1
68,80739.0,1633,92,4606,2,0,23,0,3,9,11,1
51,22669.0,173,30,4607,3,1,7,1,4,2,1,0
39,29236.0,99,30,4468,3,1,7,0,4,3,0,0
67,44911.0,215,11,4675,3,1,9,0,4,4,1,0
64,54693.0,929,72,4701,3,1,23,0,6,13,4,1
52,48186.0,219,39,4305,3,1,9,0,4,4,1,0
49,54809.0,174,0,4495,4,2,8,1,2,5,1,0
48,41580.0,92,15,4770,4,2,6,0,2,3,1,0
56,80336.0,1052,12,4497,2,0,24,0,2,13,9,1
69,47743.0,275,56,4668,3,1,11,1,4,6,1,0
71,62972.0,587,39,4899,3,1,14,0,7,3,4,1
72,57333.0,1662,55,4849,3,1,22,1,8,9,5,1
44,32313.0,159,60,4707,3,1,8,0,4,4,0,0
73,84953.0,1024,73,4595,2,0,17,4,3,4,10,1
58,27071.0,35,90,4271,3,1,5,0,2,3,0,0
69,68148.0,1042,86,4506,2,0,14,0,4,6,4,1
61,65735.0,395,37,4408,4,2,14,0,6,6,2,0
51,86836.0,557,7,4859,2,0,22,4,6,6,10,1
63,4023.0,9,29,4210,4,2,0,0,0,0,0,1
36,30093.0,69,19,4560,2,0,5,0,2,3,0,0
60,57705.0,486,14,4373,3,1,15,0,8,6,1,1
38,25008.0,34,72,4351,3,1,4,0,1,3,0,0
31,83257.0,1365,56,4853,2,0,27,3,5,12,10,1
51,22280.0,13,85,4610,3,1,3,0,1,2,0,0
48,72159.0,1401,62,4812,2,0,20,0,4,10,6,1
65,64260.0,1574,1,4738,2,0,13,1,4,4,5,1
42,82733.0,1323,28,4496,2,0,19,1,8,7,4,1
55,74290.0,1217,70,4525,3,1,28,2,10,10,8,1
75,58217.0,103,84,4793,5,3,6,0,2,4,0,0
50,21024.0,84,89,4564,2,0,6,0,2,4,0,0
54,70116.0,1536,73,4723,2,0,22,0,2,12,8,1
41,54006.0,581,42,4853,3,1,16,0,8,7,1,1
60,69063.0,928,16,4803,3,1,13,0,5,5,3,1
51,11448.0,14,16,4400,2,0,3,0,1,2,0,0
47,61825.0,424,56,4530,3,1,14,0,4,8,2,0
55,70886.0,960,65,4462,3,1,13,0,5,4,4,1
44,69109.0,1555,10,4801,2,0,19,2,6,7,6,1
53,60208.0,656,13,4834,4,2,18,2,8,7,3,1
58,32889.0,55,78,4500,4,2,6,0,2,3,1,0
42,34738.0,20,51,4253,3,1,4,0,1,3,0,0
55,30538.0,367,27,4840,3,1,13,0,9,4,0,1
49,82326.0,2257,30,4315,2,0,21,4,5,6,10,1
59,26642.0,42,71,4324,3,1,5,0,2,3,0,0
62,69932.0,1049,97,4586,3,1,24,0,7,11,6,1
54,44503.0,48,83,4278,4,2,5,0,2,3,0,0
78,60200.0,685,3,4747,3,1,19,0,6,11,2,1
74,49638.0,39,71,4275,3,1,4,0,1,3,0,0
39,23830.0,43,3,4346,2,0,4,0,1,3,0,0
67,33051.0,835,15,4886,2,0,18,1,9,8,1,1
68,72905.0,1515,52,4363,2,0,19,1,3,9,7,1
75,69702.0,1039,8,4699,3,1,24,0,7,10,7,1
51,70300.0,1596,89,4553,3,1,23,0,5,13,5,1
42,70643.0,1828,66,4826,2,0,17,1,5,4,8,1
57,30396.0,34,22,4264,3,1,4,2,1,2,1,0
58,50616.0,149,56,4276,3,1,8,0,4,4,0,0
57,62772.0,946,74,4610,3,1,22,1,5,11,6,1
41,30298.0,28,48,4245,2,0,5,0,1,3,1,0
42,52413.0,450,67,4807,3,1,15,0,7,7,1,0
69,44155.0,46,24,4365,4,2,4,0,1,2,1,0
55,86979.0,1702,67,4438,2,0,15,2,5,5,5,1
51,76532.0,820,38,4497,4,2,21,0,9,7,5,1
44,42081.0,382,86,4692,3,1,13,1,6,4,3,0
38,67546.0,2126,90,4871,2,0,19,0,4,5,10,1
37,88420.0,2069,87,4262,2,0,19,3,4,8,7,1
41,31158.0,72,62,4722,3,1,5,0,2,3,0,0
58,61671.0,732,23,4230,3,1,20,2,10,6,4,1
52,69719.0,801,99,4238,2,0,10,0,2,5,3,1
77,49160.0,236,29,4456,3,1,10,0,3,6,1,0
48,24882.0,80,52,4862,3,1,4,1,1,2,1,0
72,90933.0,1685,90,4294,2,0,14,1,4,4,6,1
81,113734.0,277,9,4236,2,0,27,0,27,0,0,1
76,59292.0,507,71,4585,3,1,16,0,3,8,5,1
62,45759.0,68,13,4695,4,2,5,0,2,3,0,0
43,22148.0,49,16,4281,2,0,4,0,1,3,0,0
39,73395.0,397,94,4307,2,0,14,0,4,6,4,1
55,29819.0,39,77,4452,3,1,6,0,3,3,0,0
58,45688.0,306,20,4359,3,1,12,1,3,8,1,1
72,62820.0,976,51,4618,2,0,13,0,3,6,4,1
55,60491.0,1028,81,4500,3,1,24,0,6,7,11,1
40,33235.0,70,71,4348,3,1,6,0,3,3,0,0
67,35701.0,46,36,4671,2,0,4,0,1,3,0,0
46,31535.0,51,95,4480,3,1,4,1,1,2,1,0
66,92556.0,1263,32,4274,2,0,21,0,3,13,5,1
56,67384.0,1490,32,4800,3,1,20,1,7,5,8,1
55,80573.0,1564,85,4827,2,0,23,0,4,13,6,1
59,77870.0,1815,93,4880,3,1,15,3,5,5,5,1
63,52278.0,1198,24,4724,3,1,25,0,10,10,5,1
58,57107.0,416,44,4878,3,1,16,3,4,8,4,1
36,18929.0,85,15,4702,2,0,5,0,1,4,0,0
45,36038.0,47,82,4598,3,1,6,0,3,3,0,0
50,20180.0,137,27,4698,2,0,7,0,2,4,1,0
61,34230.0,21,72,4754,4,2,3,0,1,2,0,0
49,31878.0,70,7,4211,3,1,5,0,1,4,0,0
54,70932.0,909,57,4365,3,1,20,0,6,12,2,1
70,91249.0,1676,84,4821,2,0,22,5,7,6,9,1
83,77598.0,1735,53,4475,2,0,25,1,7,13,5,1
67,80982.0,1191,48,4741,4,2,27,0,11,11,5,1
49,22701.0,24,2,4501,3,1,4,0,1,3,0,0
57,55212.0,1182,65,4787,3,1,17,2,4,11,2,1
56,70617.0,1280,45,4575,2,0,13,0,3,7,3,1
69,64849.0,1336,42,4797,2,0,18,1,9,6,3,1
61,62694.0,749,29,4581,4,2,19,0,9,7,3,1
52,61917.0,91,83,4425,4,2,6,0,2,4,0,0
79,67472.0,414,93,4478,3,1,13,0,4,7,2,0
44,21059.0,44,40,4377,3,1,6,0,3,3,0,0
58,29543.0,63,47,4293,4,2,6,0,3,2,1,0
75,75903.0,901,50,4651,3,1,21,0,6,9,6,1
51,34984.0,38,40,4865,4,2,4,0,1,3,0,0
70,54998.0,455,3,4680,3,1,15,1,4,9,2,1
77,54356.0,775,62,4791,3,1,21,1,11,8,2,1
67,34242.0,15,25,4302,3,1,3,0,0,3,0,0
53,25410.0,38,48,4506,3,1,5,0,1,4,0,0
42,73356.0,1512,56,4347,2,0,21,4,5,5,11,1
76,28320.0,43,68,4735,3,1,4,0,1,3,0,0
49,23763.0,42,64,4895,3,1,4,0,1,3,0,0
42,72570.0,1089,67,4269,2,0,22,0,4,12,6,1
50,34529.0,162,94,4857,3,1,7,0,2,3,2,0
75,70792.0,1272,82,4712,2,0,17,0,3,10,4,1
44,63211.0,1173,3,4808,2,0,18,1,3,7,8,1
52,83891.0,816,24,4213,3,1,21,0,4,10,7,1
58,36065.0,74,54,4659,4,2,6,0,3,3,0,0
72,39898.0,134,20,4706,3,1,7,0,3,4,0,0
86,51141.0,157,96,4560,2,0,8,0,3,4,1,0
50,56939.0,561,19,4488,3,1,16,0,3,10,3,1
75,80872.0,1336,60,4252,2,0,18,0,4,10,4,1
50,72335.0,2092,2,4889,2,0,22,1,10,8,4,1
62,61798.0,463,13,4422,2,0,15,0,4,9,2,1
76,76842.0,1130,37,4261,2,0,16,0,1,7,8,1
50,29478.0,20,59,4367,3,1,4,0,1,3,0,0
70,46998.0,377,55,4819,3,1,13,1,5,5,3,0
36,96843.0,1544,60,4636,2,0,27,2,6,10,11,1
76,56551.0,138,48,4257,4,2,7,0,2,4,1,0
61,70053.0,1012,38,4565,3,1,23,0,8,10,5,1
64,71670.0,1766,8,4559,2,0,14,4,5,6,3,1
48,44359.0,45,19,4216,4,2,6,0,2,4,0,0
74,40887.0,161,32,4623,4,2,7,1,3,3,1,0
60,48877.0,144,27,4379,3,1,7,0,3,4,0,0
79,74485.0,1734,58,4513,2,0,25,0,6,12,7,1
54,64474.0,823,59,4454,3,1,20,0,8,10,2,1
63,77226.0,1138,29,4325,3,1,26,0,6,12,8,1
77,72643.0,1429,60,4691,2,0,20,2,3,7,10,1
48,85738.0,1371,41,4361,2,0,20,2,3,11,6,1
60,55686.0,982,27,4704,3,1,14,1,6,5,3,1
43,39062.0,44,28,4300,3,1,4,1,1,3,0,0
55,34600.0,318,8,4748,4,2,12,1,5,5,2,0
51,40794.0,434,18,4652,3,1,14,0,6,5,3,0
55,54690.0,198,76,4438,4,2,9,0,3,5,1,0
57,4428.0,359,0,4471,3,1,25,0,25,0,0,1
63,32632.0,576,32,4900,2,0,16,0,4,8,4,1
58,38236.0,88,2,4486,4,2,7,0,3,4,0,0
47,36781.0,63,16,4284,3,1,5,1,2,2,1,0
42,31385.0,27,56,4775,3,1,3,2,1,2,0,0
42,24570.0,193,97,4691,3,1,8,0,4,4,0,0
52,25509.0,101,15,4853,3,1,6,1,3,3,0,0
75,94642.0,2211,35,4341,2,0,21,2,5,9,7,1
64,58646.0,140,3,4588,3,1,7,0,2,4,1,0
51,53201.0,415,49,4706,4,2,14,0,6,5,3,0
69,21994.0,22,4,4756,3,1,3,0,0,3,0,0
48,57113.0,263,45,4712,4,2,10,0,4,5,1,0
35,51373.0,393,37,4576,2,0,11,0,3,3,5,1
40,23477.0,147,39,4455,3,1,7,0,3,4,0,0
70,58116.0,443,38,4281,3,1,14,0,3,8,3,1
63,72968.0,1958,8,4399,2,0,18,2,5,8,5,1
55,39791.0,174,89,4662,3,1,8,0,3,4,1,0
79,91712.0,2217,47,4459,2,0,27,2,9,11,7,1
68,94472.0,1691,75,4291,3,1,15,2,5,5,5,1
66,13672.0,25,86,4642,4,2,4,0,1,3,0,0
46,96547.0,809,4,4241,2,0,21,4,7,8,6,1
51,79205.0,895,73,4873,2,0,15,2,6,4,5,1
51,56559.0,484,46,4755,3,1,15,0,4,8,3,1
53,32644.0,413,38,4733,3,1,14,1,7,6,1,0
46,67506.0,331,73,4382,3,1,11,0,4,6,1,0
56,24206.0,25,66,4682,3,1,4,0,1,3,0,0
59,28420.0,13,36,4391,3,1,3,0,1,2,0,0
56,22979.0,115,29,4865,3,1,7,1,3,2,2,0
60,33279.0,16,29,4221,2,0,3,0,0,3,0,0
54,46423.0,92,6,4488,4,2,6,0,2,4,0,0
49,30368.0,52,97,4438,3,1,5,0,2,3,0,0
56,63684.0,1464,61,4784,3,1,20,0,8,8,4,1
62,41638.0,441,68,4705,3,1,13,1,5,3,5,1
67,68805.0,283,73,4489,3,1,11,0,3,7,1,0
60,65814.0,747,90,4323,3,1,20,0,8,10,2,1
68,71964.0,1870,81,4609,2,0,16,0,5,5,6,1
40,39146.0,165,1,4704,3,1,8,0,4,4,0,0
49,96876.0,1941,79,4531,2,0,23,4,7,9,7,1
45,34445.0,839,92,4722,2,0,21,0,11,8,2,1
68,68281.0,1655,31,4895,2,0,24,1,2,13,9,1
51,37284.0,23,46,4661,4,2,3,0,0,3,0,0
43,36790.0,66,14,4689,2,0,5,1,2,2,1,0
59,27943.0,37,89,4644,4,2,5,0,2,3,0,0
75,22263.0,21,31,4295,4,2,4,0,1,3,0,0
54,30261.0,22,75,4846,5,3,3,0,0,3,0,0
48,28587.0,78,42,4341,3,1,6,0,2,4,0,0
44,43815.0,79,53,4654,3,1,5,0,2,3,0,0
70,48195.0,265,53,4363,4,2,11,0,4,5,2,0
74,77027.0,1175,23,4348,3,1,17,0,8,6,3,1
61,71322.0,1305,57,4702,3,1,26,0,8,13,5,1
47,32765.0,46,49,4330,3,1,6,0,2,4,0,0
61,29672.0,25,6,4678,4,2,3,0,0,3,0,0
73,23272.0,46,29,4459,2,0,4,0,1,3,0,0
77,49912.0,874,5,4864,3,1,22,2,10,7,5,1
41,7500.0,100,98,4901,3,1,6,0,2,3,1,0
79,68117.0,930,80,4680,3,1,23,2,11,4,8,1
71,67225.0,868,4,4419,3,1,20,0,7,11,2,1
50,17649.0,45,70,4433,3,1,6,0,3,3,0,0
51,55914.0,1260,32,4630,3,1,25,0,11,8,6,1
42,40059.0,414,82,4478,3,1,11,1,6,3,2,1
76,60905.0,392,27,4410,3,1,13,0,3,7,3,1
49,75330.0,1109,94,4837,4,2,25,0,10,12,3,1
75,60689.0,639,23,4597,3,1,18,0,4,10,4,1
42,38680.0,79,97,4662,3,1,5,0,2,3,0,0
44,61416.0,1665,25,4710,2,0,23,1,10,10,3,1
35,49767.0,692,92,4627,2,0,17,0,5,8,4,1
56,83273.0,1392,98,4846,5,3,19,0,4,9,6,1
45,29009.0,44,19,4416,3,1,5,0,2,3,0,0
47,45057.0,50,80,4414,3,1,5,0,2,3,0,0
55,37150.0,467,80,4860,3,1,13,0,4,6,3,1
56,43020.0,223,79,4415,3,1,9,0,4,4,1,0
67,53154.0,158,50,4224,3,1,8,0,3,4,1,0
53,65308.0,1211,60,4495,2,0,27,2,7,12,8,1
56,76467.0,1575,44,4885,3,1,12,1,2,5,5,1
79,81044.0,1208,0,4388,2,0,21,0,5,10,6,1
75,32871.0,43,28,4681,4,2,4,0,1,3,0,0
51,55801.0,527,35,4484,4,2,15,1,7,6,2,1
67,76320.0,932,49,4211,3,1,13,0,6,4,3,1
71,36927.0,71,46,4231,4,2,6,0,3,3,0,0
73,48794.0,54,97,4207,4,2,4,0,1,3,0,0
61,23478.0,129,51,4671,2,0,6,0,3,3,0,0
53,71128.0,1615,80,4835,3,1,24,0,2,12,10,1
50,70179.0,1034,10,4547,3,1,23,0,7,13,3,1
76,59462.0,1088,29,4744,3,1,23,0,9,12,2,1
57,51381.5,721,52,4611,4,2,18,0,4,4,10,1
57,38361.0,137,74,4388,3,1,7,0,3,3,1,0
45,51381.5,47,82,4598,3,1,6,0,3,3,0,0
44,70038.0,1244,54,4451,2,0,16,0,4,8,4,1
48,42554.0,41,93,4737,4,2,5,0,2,3,0,0
52,67445.0,1174,63,4890,3,1,27,0,9,12,6,1
75,67046.0,993,92,4743,3,1,13,0,4,4,5,1
78,42192.0,100,40,4500,2,0,6,0,2,3,1,0
74,77610.0,1680,70,4812,3,1,15,0,4,4,7,1
42,31761.0,98,96,4289,3,1,7,0,3,4,0,0
47,34350.0,48,81,4457,3,1,4,0,1,3,0,0
77,54591.0,519,63,4532,3,1,16,0,6,8,2,1
70,71866.0,715,85,4390,3,1,19,0,6,10,3,1
57,25293.0,37,51,4491,3,1,4,0,1,2,1,0
39,42000.0,653,23,4739,2,0,18,1,5,11,2,1
43,69520.0,1455,95,4561,2,0,20,0,9,5,6,1
56,64713.0,602,11,4346,3,1,17,1,5,7,5,1
49,27889.0,26,42,4563,3,1,4,0,1,2,1,0
66,22123.0,102,77,4298,2,0,6,0,2,3,1,0
55,51381.5,97,82,4687,4,2,6,0,2,3,1,0
72,51381.5,207,83,4575,3,1,9,0,4,4,1,0
53,27803.0,176,40,4876,3,1,7,0,3,4,0,0
71,51381.5,450,95,4458,3,1,12,0,6,5,1,1
66,51651.0,433,32,4803,3,1,13,0,6,5,2,0
38,68487.0,1366,48,4736,2,0,29,0,9,13,7,1
83,51381.5,1564,75,4446,2,0,21,2,5,11,5,1
57,56796.0,1001,24,4702,3,1,24,0,8,7,9,1
34,87000.0,961,61,4765,2,0,17,0,4,7,6,1
67,79823.0,1518,6,4294,3,1,22,1,6,7,9,1
46,30828.0,56,16,4472,3,1,6,0,1,4,1,0
55,34109.0,22,39,4439,3,1,3,0,0,3,0,0
52,53367.0,400,2,4506,4,2,14,1,5,8,1,0
57,22390.0,26,49,4455,2,0,3,0,1,2,0,0
50,71322.0,350,31,4262,3,1,12,0,4,7,1,0
33,79244.0,1216,58,4761,2,0,21,3,4,7,10,1
77,49912.0,874,5,4864,3,1,22,2,10,7,5,1
76,48699.0,40,90,4608,4,2,4,0,1,3,0,0
51,80144.0,1367,47,4476,2,0,18,0,3,8,7,1
70,54252.0,264,25,4601,4,2,10,0,4,5,1,0
50,81929.0,2053,60,4842,3,1,18,3,4,10,4,1
51,76068.0,1376,67,4781,3,1,9,2,2,4,3,1
50,53204.0,45,40,4305,4,2,4,0,1,3,0,0
77,67911.0,976,63,4242,3,1,24,0,6,11,7,1
42,14796.0,51,1,4854,3,1,4,1,1,3,0,0
52,78128.0,1264,89,4334,3,1,18,2,8,6,4,1
54,14188.0,75,40,4690,2,0,6,0,2,4,0,0
40,20425.0,57,5,4812,3,1,5,0,2,3,0,0
64,58646.0,140,3,4588,3,1,7,0,2,4,1,0
56,72967.0,497,1,4765,3,1,17,2,7,8,2,1
77,48150.0,266,24,4590,3,1,10,0,5,4,1,0
65,82332.0,2006,89,4854,2,0,20,2,5,12,3,1
71,58275.0,615,48,4596,4,2,17,0,8,7,2,1
45,44953.0,1021,31,4759,2,0,23,1,7,13,3,1
73,34587.0,22,68,4248,4,2,4,0,1,3,0,0
52,43018.0,133,46,4444,3,1,6,0,2,2,2,0
72,45736.0,437,92,4544,3,1,14,0,7,6,1,0
57,66476.0,1013,80,4411,3,1,24,0,6,10,8,1
45,27733.0,57,16,4511,3,1,5,0,2,3,0,0
74,69805.0,1038,50,4363,3,1,25,0,6,11,8,1
64,72217.0,1573,93,4649,2,0,21,0,3,8,10,1
55,25818.0,28,51,4823,3,1,3,0,0,2,1,0
50,37509.0,123,24,4859,3,1,7,0,3,4,0,0
50,25176.0,13,79,4527,4,2,3,0,1,2,0,0
46,43586.0,132,26,4872,3,1,7,0,3,4,0,0
70,53230.0,732,86,4899,3,1,19,0,5,12,2,1
69,50116.0,66,68,4213,4,2,5,1,1,4,0,0
54,84906.0,1631,98,4472,2,0,23,3,5,12,6,1
60,61286.0,608,34,4535,3,1,16,0,7,8,1,1
40,82333.0,1822,60,4660,2,0,17,2,4,10,3,1
61,65220.0,1282,3,4868,2,0,19,1,8,7,4,1
52,33590.0,8,65,4442,5,3,3,0,1,2,0,0
50,30992.0,43,83,4637,3,1,4,0,1,3,0,0
50,72309.0,1931,64,4679,2,0,19,2,5,8,6,1
77,156924.0,8,85,4508,2,0,0,0,0,0,0,1
46,16005.0,103,69,4888,3,1,5,0,2,2,1,0
69,65487.0,1169,48,4374,2,0,14,0,3,6,5,1
61,58692.0,395,21,4288,3,1,14,0,8,4,2,1
57,40590.0,258,30,4474,4,2,10,1,3,3,4,1
56,20587.0,25,39,4253,3,1,4,0,1,2,1,0
72,62637.0,185,76,4324,3,1,9,0,2,5,2,0
60,29435.0,180,11,4896,4,2,7,1,3,2,2,0
52,19346.0,22,26,4354,3,1,4,0,1,3,0,0
55,35788.0,44,34,4361,4,2,5,0,2,3,0,0
58,36997.0,94,72,4717,4,2,7,0,2,4,1,0
69,23539.0,81,13,4325,2,0,6,0,2,4,0,0
53,65333.0,798,58,4367,3,1,21,2,9,8,4,1
69,78499.0,1334,12,4422,2,0,18,2,11,4,3,1
55,29732.0,38,23,4300,3,1,4,0,2,2,0,0
66,41275.0,61,33,4301,5,3,7,0,3,3,1,0
53,63516.0,300,30,4562,4,2,12,0,4,7,1,0
64,42769.0,88,15,4464,3,1,6,0,1,4,1,0
68,49572.0,54,25,4400,4,2,5,0,2,3,0,0
54,69209.0,1782,4,4854,2,0,14,1,5,6,3,1
50,17148.0,68,80,4356,3,1,7,0,3,3,1,0
57,40590.0,258,30,4474,4,2,10,1,3,3,4,1
50,30560.0,31,6,4571,3,1,4,0,1,3,0,0
43,32146.0,66,16,4252,3,1,6,0,2,4,0,0
62,41713.0,174,57,4265,4,2,8,0,3,4,1,0
51,34176.0,28,9,4362,3,1,4,0,1,3,0,0
71,58482.0,731,59,4313,3,1,20,1,7,9,4,1
61,59686.0,274,78,4359,3,1,11,0,4,6,1,0
62,60896.0,1701,90,4830,3,1,23,1,9,4,10,1
46,62994.0,312,74,4321,3,1,12,0,6,4,2,0
69,47320.0,414,10,4536,3,1,14,0,5,8,1,0
77,74859.0,1565,63,4595,2,0,22,1,6,11,5,1
34,15253.0,29,13,4448,3,1,4,0,1,3,0,0
52,31560.0,94,98,4574,3,1,6,0,2,3,1,0
72,72071.0,1338,4,4704,3,1,17,0,5,8,4,1
36,91172.0,1092,94,4663,2,0,14,5,4,7,3,1
42,90000.0,1479,91,4392,2,0,17,3,4,5,8,1
45,41967.0,54,66,4422,4,2,4,0,1,3,0,0
61,69263.0,568,14,4320,3,1,17,1,9,7,1,1
56,65706.0,1199,77,4570,2,0,26,4,11,12,3,1
51,60934.0,873,41,4367,3,1,21,0,6,11,4,1
75,71965.0,1213,21,4539,3,1,14,0,6,5,3,1
71,65210.0,731,25,4315,3,1,20,2,9,8,3,1
51,79174.0,2043,2,4738,2,0,18,3,5,7,6,1
59,81380.0,1893,51,4758,2,0,16,0,4,10,2,1
53,48432.0,424,3,4823,3,1,14,0,7,6,1,0
55,52914.0,575,32,4742,3,1,13,1,7,3,3,1
71,38946.0,257,84,4452,3,1,10,0,3,6,1,0
52,26067.0,56,49,4441,3,1,6,0,3,3,0,0
54,44325.0,542,69,4683,3,1,17,1,8,7,2,1
62,42523.0,125,96,4271,2,0,6,0,1,4,1,0
48,26487.0,69,23,4609,3,1,6,0,2,3,1,0
69,53233.0,40,18,4307,3,1,4,0,1,3,0,0
66,67716.0,1016,8,4739,3,1,24,1,7,13,4,1
54,76234.0,907,21,4347,3,1,22,1,8,11,3,1
70,84117.0,1566,60,4253,2,0,23,1,7,6,10,1
69,65487.0,1169,48,4374,2,0,14,0,3,6,5,1
54,25224.0,46,36,4309,3,1,5,0,1,3,1,0
43,89616.0,1644,36,4693,2,0,24,1,7,12,5,1
55,40851.0,59,63,4697,4,2,4,0,1,2,1,0
79,27469.0,17,2,4900,2,0,3,0,0,3,0,0
69,82347.0,1853,38,4804,2,0,24,3,7,10,7,1
69,73803.0,1528,61,4901,3,1,20,2,9,6,5,1
74,8820.0,35,52,4668,4,2,6,0,3,3,0,0
52,43322.0,141,25,4273,2,0,7,0,3,4,0,0
53,55593.0,546,63,4516,3,1,15,1,6,3,6,1
72,50501.0,500,10,4580,4,2,13,2,5,4,4,1
51,37085.0,61,65,4207,4,2,6,0,3,3,0,0
36,16185.0,106,71,4532,3,1,6,0,2,2,2,0
57,57731.0,704,0,4787,3,1,22,0,8,6,8,1
53,48432.0,424,3,4823,3,1,14,1,7,6,1,0
48,73807.0,849,88,4747,3,1,21,0,5,11,5,1
36,18929.0,85,15,4702,2,0,5,0,1,4,0,0
58,35893.0,199,80,4826,4,2,9,0,3,5,1,0
46,61014.0,1147,17,4891,3,1,16,0,9,4,3,1
72,32144.0,54,76,4302,4,2,6,1,2,3,1,0
63,14918.0,43,52,4773,3,1,4,0,1,3,0,0
63,45146.0,53,28,4553,4,2,4,0,1,2,1,0
71,41769.0,521,31,4705,3,1,16,0,8,7,1,1
45,88325.0,1623,42,4348,2,0,17,0,6,9,2,1
76,38054.0,45,24,4263,4,2,5,0,2,3,0,0
31,80617.0,1435,42,4829,2,0,18,0,4,8,6,1
50,5305.0,32,12,4538,3,1,1,0,1,0,0,1
72,36807.0,16,88,4760,4,2,3,0,1,2,0,0
43,28427.0,52,67,4669,3,1,5,0,2,3,0,0
78,82032.0,1234,54,4289,2,0,17,0,4,7,6,1
48,22775.0,15,40,4579,3,1,3,0,1,2,0,0
41,40101.0,415,73,4827,3,1,13,0,6,6,1,0
47,58025.0,470,81,4419,3,1,15,0,3,10,2,1
44,75777.0,1438,12,4564,2,0,20,3,3,11,6,1
47,7500.0,53,7,4622,3,1,7,0,3,2,2,0
63,33562.0,51,33,4208,5,3,6,0,2,4,0,0
56,57642.0,679,24,4375,3,1,19,1,7,6,6,1
58,58554.0,586,55,4845,4,2,16,0,8,6,2,1
47,63777.0,653,87,4666,4,2,18,0,11,6,1,1
64,57967.0,468,39,4687,3,1,14,0,4,8,2,1
48,51381.5,1679,53,4890,2,0,1,1,0,1,0,1
54,24434.0,50,9,4246,4,2,5,0,2,2,1,0
42,11012.0,84,82,4674,3,1,6,1,3,2,1,0
56,44802.0,1049,71,4881,2,0,25,0,9,12,4,1
40,26816.0,22,50,4885,2,0,3,0,0,3,0,0
49,666666.0,62,23,4596,3,1,7,0,3,3,1,1
52,34421.0,30,81,4567,3,1,3,0,1,2,0,0
59,61223.0,1341,46,4585,3,1,16,0,9,4,3,1
80,64014.0,444,56,4223,5,3,15,1,8,5,2,0
45,56981.0,1241,91,4359,2,0,18,1,2,13,3,1
70,69245.0,843,8,4360,3,1,21,0,6,10,5,1
72,52869.0,172,40,4826,4,2,8,1,3,4,1,0
