Cluster_0_Probability,Cluster_1_Probability
1.6861627917275096e-300,1.0
0.9999947259389853,5.274061014655298e-06
4.5481912948294805e-10,0.9999999995451808
0.9999899795534118,1.0020446588338056e-05
0.9062524330790345,0.09374756692096553
4.638758702341116e-09,0.9999999953612413
0.11345250846311355,0.8865474915368865
0.9999598678544176,4.013214558214892e-05
0.9999452792092783,5.472079072210143e-05
2.4995198114272984e-06,0.9999975004801885
0.9999440903042607,5.590969573890818e-05
0.9999988274891808,1.1725108194090567e-06
1.581918414592252e-152,1.0
0.9990251265505107,0.0009748734494888999
0.9999997965537848,2.0344621503390408e-07
1.3535927571880042e-96,1.0
0.9999851801264575,1.4819873542566798e-05
0.9990532122611594,0.0009467877388405296
0.0,1.0
0.9999935793344591,6.420665541084946e-06
0.9998501065342088,0.0001498934657915357
0.0,1.0
6.652871972032794e-114,1.0
0.19943461677312874,0.8005653832268713
0.02569555369189354,0.9743044463081065
0.9999939165628885,6.083437111256955e-06
0.9997057993998919,0.0002942006001083108
7.0455774241484735e-124,1.0
0.9999826051588651,1.739484113504219e-05
1.8747164342229178e-268,1.0
0.9999789325926141,2.1067407385988964e-05
2.8511356637288333e-09,0.9999999971488642
0.9997846792797702,0.00021532072023024748
0.9985230941794875,0.0014769058205123373
1.7681979307200814e-158,1.0
0.9999913281832431,8.671816757134709e-06
2.551519028620173e-31,1.0
0.9999784470252335,2.1552974766258046e-05
0.9999921884569312,7.811543068442306e-06
8.913545145252364e-48,1.0
9.539304339213991e-219,1.0
0.9999986770608393,1.3229391609764956e-06
0.9999920011944028,7.998805597305384e-06
0.33151170313024664,0.6684882968697534
0.9999849580770617,1.5041922937934695e-05
8.362377435339906e-105,1.0
0.9999982287323992,1.7712676009632699e-06
0.9999746134002602,2.53865997397488e-05
0.9999995862287724,4.137712277828708e-07
7.709314822271045e-196,1.0
0.00017296986852750854,0.9998270301314726
4.48513337609656e-225,1.0
0.999995693096395,4.306903604497489e-06
0.0,1.0
2.186817258180888e-10,0.9999999997813183
0.0,1.0
2.590114442508115e-78,1.0
0.9999954448339832,4.555166017184302e-06
0.999795437964147,0.0002045620358531091
0.42791853085534437,0.5720814691446556
9.33951984964196e-237,1.0
1.9108337050569902e-11,0.9999999999808917
1.2587287816468888e-27,1.0
0.18312470320355628,0.8168752967964438
5.419703291359831e-136,1.0
0.9999934124132182,6.587586781924802e-06
0.999998514222187,1.485777812810824e-06
2.8128938940607792e-52,1.0
6.995207309693099e-10,0.9999999993004793
0.0,1.0
1.2802943362288184e-171,1.0
0.9995296797598915,0.0004703202401087441
1.9405227310389123e-08,0.9999999805947727
0.0009723062996123615,0.9990276937003876
0.9983184561497148,0.0016815438502852246
0.9999937368095211,6.26319047858158e-06
0.0,1.0
0.0,1.0
0.9999985556852143,1.444314785879762e-06
7.665636796617939e-10,0.9999999992334363
0.9999893922754184,1.060772458172187e-05
0.9999977852059065,2.214794093632765e-06
0.9999895884151452,1.0411584855101544e-05
2.8511356637288333e-09,0.9999999971488642
8.616799603452188e-66,1.0
0.999991902635529,8.097364470753112e-06
0.9999634350227328,3.656497726744281e-05
3.8571656173980144e-07,0.999999614283438
3.801909540846366e-226,1.0
0.9968674943245026,0.003132505675497194
0.0016902813173453172,0.9983097186826544
0.9999953702936833,4.629706316667609e-06
1.2542134251373586e-123,1.0
0.99999620121787,3.7987821293724283e-06
0.9987977959673634,0.001202204032636516
0.9999978388633697,2.1611366306978108e-06
0.00047202282824049187,0.9995279771717596
0.9999812817305342,1.8718269465768034e-05
4.6321433690858696e-36,1.0
0.9938438867617723,0.006156113238227955
0.9999607946439117,3.9205356088465675e-05
0.9999902896848338,9.710315166234163e-06
4.8086009239679036e-49,1.0
4.422400246175783e-153,1.0
1.9306651648189254e-124,1.0
0.9999987362751472,1.2637248528688487e-06
0.9999463273598218,5.3672640177798356e-05
9.985513373927995e-31,1.0
0.9999776276332715,2.2372366728411356e-05
9.70110426637419e-68,1.0
1.1683177233194147e-32,1.0
0.0,1.0
2.3737506152377474e-07,0.9999997626249384
1.6909792862048143e-32,1.0
0.0003389956509084366,0.9996610043490917
0.999990624128579,9.375871421341995e-06
0.0,1.0
2.135666869953489e-10,0.9999999997864333
0.9999962045841432,3.7954158568637454e-06
0.9999944143179391,5.5856820616663225e-06
2.2875212722569297e-08,0.9999999771247873
0.9999724191973656,2.758080263420043e-05
0.99999867578169,1.3242183103319574e-06
0.9999982469786293,1.7530213703422708e-06
8.132885912941049e-58,1.0
1.0749484900453361e-09,0.9999999989250514
0.0,1.0
0.9999921468506375,7.853149362580966e-06
0.9902570420037244,0.009742957996275853
7.114097995868608e-05,0.9999288590200414
0.0022444350381387638,0.9977555649618612
9.553182260333867e-08,0.9999999044681774
1.6855624911312947e-11,0.9999999999831444
1.0314782011122502e-16,0.9999999999999999
0.9998569787668194,0.0001430212331807175
6.783657166226135e-230,1.0
0.9999981346770095,1.8653229903061263e-06
0.9999707982726045,2.920172739552665e-05
0.9993414764581223,0.0006585235418776294
0.9999970921980984,2.907801901214999e-06
0.0,1.0
2.6817650051168337e-130,1.0
5.731475314780812e-164,1.0
2.775029280022486e-16,0.9999999999999998
0.7197454220029859,0.28025457799701436
2.249078436617142e-97,1.0
0.9999918912672188,8.108732781269685e-06
0.9999960199221263,3.980077874061341e-06
0.9999912077779568,8.79222204312859e-06
0.9998944190573711,0.00010558094262874916
0.005609609264884381,0.9943903907351158
0.10502690479082064,0.8949730952091794
0.757582081957932,0.24241791804206805
0.9999753686010507,2.463139894907012e-05
4.6706043646890695e-30,1.0
3.92385894512426e-193,1.0
0.9965215888923691,0.003478411107630923
0.9999976018295068,2.398170493133822e-06
0.986936788765737,0.013063211234262982
3.062215478590473e-175,1.0
0.9999995566793706,4.433206294000594e-07
8.153693890060763e-278,1.0
0.9999846893231725,1.531067682752042e-05
2.1949196207579432e-169,1.0
0.0,1.0
0.9999994539932827,5.460067173046362e-07
1.6954132210717594e-23,1.0
0.8112582229912108,0.1887417770087893
2.512324172166992e-171,1.0
0.9999910133051428,8.986694857468056e-06
0.9999987849462669,1.2150537331168097e-06
0.9999981797373778,1.8202626229056028e-06
0.9999827648981063,1.7235101894026274e-05
0.9999873797199298,1.2620280070367142e-05
0.997288158246724,0.0027118417532760062
4.5827253197e-314,1.0
2.095921274416864e-114,1.0
0.9999989544411786,1.045558821357269e-06
0.9999998418623098,1.5813769022948835e-07
4.6321433690858696e-36,1.0
0.9998815404575998,0.00011845954240001764
0.9999906556966244,9.344303375705067e-06
6.881265192524001e-45,1.0
0.9999948632636412,5.136736358942498e-06
0.9999861379104883,1.3862089511551082e-05
0.9999970266752854,2.9733247144533007e-06
0.9999921031299523,7.896870047986534e-06
6.00459433311565e-07,0.9999993995405667
3.6259940696551627e-267,1.0
0.9999930078886705,6.99211132967374e-06
0.9999921618717547,7.838128245709183e-06
2.7527877481847826e-73,1.0
0.967212969746674,0.032787030253325716
0.9999834482236809,1.6551776318953056e-05
0.9996104306825794,0.0003895693174203099
0.9999978962592135,2.1037407860869973e-06
3.8073585079393635e-15,0.999999999999996
0.0,1.0
1.4633106416865521e-198,1.0
0.425044458540211,0.5749555414597894
0.0015835280417710043,0.998416471958229
9.097661406243468e-209,1.0
1.6231745191712832e-44,1.0
4.911954661816557e-74,1.0
0.9999985915643748,1.4084356256158157e-06
0.9998496433722042,0.00015035662779586676
0.9999789689816042,2.103101839576515e-05
0.9997787664294246,0.0002212335705756672
0.9999889303272119,1.1069672788172606e-05
0.0,1.0
0.9993443061293802,0.0006556938706202468
1.0813979445716081e-97,1.0
0.9998017882887892,0.00019821171121064024
0.008386328122142041,0.991613671877858
1.3598765044505495e-175,1.0
0.0001336711080981588,0.9998663288919017
0.9999996441162187,3.558837813700845e-07
1.2568932972857483e-252,1.0
0.9994355507272553,0.0005644492727442941
6.055383762694599e-35,1.0
0.999972769257107,2.723074289309436e-05
1.9510628384645175e-124,1.0
1.5830009358842368e-08,0.9999999841699908
0.9999572590925582,4.274090744161704e-05
1.5522949899432507e-58,1.0
0.9999791769282537,2.0823071746061312e-05
3.515483353125978e-10,0.9999999996484517
2.7019684743389216e-166,1.0
0.0,1.0
0.9999980390852411,1.960914758689989e-06
0.010287490894019058,0.9897125091059809
0.0,1.0
0.999994788314458,5.211685542053639e-06
0.9999497188314601,5.028116853998429e-05
4.0600850458483584e-50,1.0
0.999988508857154,1.1491142845929406e-05
0.9999990083692435,9.916307567689718e-07
4.287612536938941e-06,0.9999957123874631
0.9988000786061397,0.001199921393860499
0.8034844515248794,0.1965155484751202
0.0,1.0
3.1758797138983906e-119,1.0
0.9999968783262448,3.1216737546358223e-06
0.0,1.0
1.5825485735246916e-42,1.0
0.9999991081768804,8.918231193940229e-07
0.0,1.0
2.297748790777238e-216,1.0
0.0,1.0
1.483905207586422e-260,1.0
0.999997094778839,2.905221160684769e-06
0.999999035821593,9.64178407496492e-07
1.7217090074632177e-63,1.0
0.9999377419059475,6.225809405227363e-05
3.128678294385904e-92,1.0
0.9999981761745428,1.8238254572194274e-06
1.3813131033501446e-127,1.0
0.9426127007913293,0.05738729920867067
0.9999334312917868,6.656870821322154e-05
0.9999997535335192,2.4646648078444896e-07
0.9996090766492722,0.00039092335072760527
4.70195882300901e-12,0.999999999995298
0.9996030457503804,0.00039695424961970276
0.9999955782128707,4.4217871292552525e-06
0.9993870280689173,0.0006129719310828663
0.9999078992570812,9.210074291880867e-05
2.373782795594224e-309,1.0
0.9916358160049629,0.008364183995037064
1.0278694296613086e-133,1.0
0.9981221305541156,0.0018778694458844744
0.0,1.0
0.9997932975060027,0.00020670249399723788
0.9803403344390553,0.01965966556094471
0.9999846357005311,1.5364299468884824e-05
0.9999923802373822,7.619762617406616e-06
2.5428125709058693e-13,0.9999999999997458
1.1751103103628975e-33,1.0
2.333476581162967e-87,1.0
1.2673261758923018e-69,1.0
6.429176272993344e-24,1.0
0.9999821502457509,1.784975424871535e-05
3.515483353125978e-10,0.9999999996484517
0.9990532122611594,0.0009467877388405296
0.21026709259157875,0.7897329074084213
0.9999974195924682,2.5804075314319337e-06
0.9999464327709567,5.356722904317325e-05
3.878722727650151e-27,1.0
1.941089438039725e-33,1.0
3.6539431724543094e-259,1.0
0.8044659911448112,0.19553400885518868
0.9999941547453813,5.845254618600188e-06
0.9999816005799508,1.8399420048705177e-05
0.0,1.0
0.9999749878279618,2.501217203829454e-05
0.9999969686956972,3.031304303254177e-06
2.2123034873443396e-209,1.0
0.9999979730232438,2.0269767566144866e-06
0.9999602873321815,3.971266781843913e-05
2.8904030798241803e-86,1.0
1.0182629574722351e-24,1.0
0.9998501954143311,0.00014980458566929913
4.013854457143992e-07,0.9999995986145543
0.9999822797509457,1.772024905471035e-05
0.9993571886186433,0.0006428113813567842
0.9998935744312367,0.00010642556876294779
1.5006080798412565e-93,1.0
0.9999594495096237,4.055049037606812e-05
3.6725916364290636e-149,1.0
0.44878242062351825,0.5512175793764817
0.9991679929455031,0.0008320070544969291
0.999498193209254,0.0005018067907460879
0.9999988117528348,1.1882471652499982e-06
3.0588096542887968e-289,1.0
1.3414723626946895e-227,1.0
0.9998287511695794,0.00017124883042028466
0.9999962804267377,3.7195732620638838e-06
0.9999922337852425,7.766214757793774e-06
0.25062250284151444,0.7493774971584858
0.9999972117826155,2.788217384453958e-06
1.5372652097226657e-151,1.0
2.9294742539697957e-18,1.0
0.9999958051103442,4.194889655905532e-06
0.9999966300405279,3.36995947186625e-06
7.12350634290269e-200,1.0
0.00012795857456722313,0.9998720414254327
2.1640688115639685e-211,1.0
0.999980079158922,1.9920841077984853e-05
0.9999988300968439,1.1699031559985137e-06
0.9999993299549839,6.700450164656624e-07
0.999986330169474,1.3669830525916922e-05
0.9999988826513667,1.1173486333975977e-06
0.999995299563503,4.700436496673575e-06
1.0025812253009103e-142,1.0
0.9991179063708393,0.0008820936291606909
0.9999978704037452,2.129596254022838e-06
1.388184732243745e-44,1.0
5.227209958509395e-206,1.0
0.999997219589587,2.780410412933831e-06
0.0,1.0
0.0,1.0
2.7826989563993824e-287,1.0
0.9999803451176885,1.9654882311648224e-05
4.4096359355322076e-169,1.0
8.432091064523221e-10,0.9999999991567909
0.9989236398129131,0.0010763601870868336
8.159251035807079e-105,1.0
0.9999979204176134,2.0795823872570776e-06
2.5108437520421218e-201,1.0
0.9999971577422115,2.8422577887391473e-06
0.9999866837013872,1.3316298612793327e-05
1.5142652876089133e-22,1.0
6.90693569576841e-227,1.0
2.7015182476927334e-116,1.0
2.706550762051175e-152,1.0
5.6382487340529915e-170,1.0
0.9999985145341397,1.4854658595247504e-06
0.9983263409274848,0.0016736590725153313
0.0,1.0
2.687597137754717e-92,1.0
1.7749650177115771e-12,0.999999999998225
0.0,1.0
1.532727620296978e-06,0.9999984672723797
0.9998583765046983,0.00014162349530184748
0.9999955782128707,4.4217871292552525e-06
0.7656646281958653,0.23433537180413475
4.717896102074166e-12,0.9999999999952821
1.0534575583607916e-133,1.0
0.9999966002671214,3.3997328789616914e-06
0.0,1.0
2.713828006710193e-121,1.0
0.9999985808000796,1.4191999200322311e-06
0.9998464590735516,0.00015354092644846764
0.9999917877072435,8.212292756379038e-06
8.539906886226872e-224,1.0
0.9999630149846558,3.698501534384195e-05
0.9945426665042305,0.005457333495769388
0.9985727232001331,0.0014272767998669833
0.9999989149283406,1.0850716589675605e-06
1.616427818724827e-246,1.0
0.9999966960310014,3.3039689982528135e-06
0.9999987734723569,1.2265276429749893e-06
0.9999955557058977,4.44429410244409e-06
0.9958820171083188,0.004117982891681241
0.9999912077779568,8.79222204312859e-06
0.9999899032700259,1.0096729973856241e-05
0.9984242172538905,0.0015757827461094684
0.0001056990274327796,0.9998943009725672
1.229353782782864e-51,1.0
0.9999683154495256,3.16845504745278e-05
1.5930456607477764e-176,1.0
0.0,1.0
0.9923491023029763,0.007650897697023526
8.056383258802507e-159,1.0
0.9988541602815671,0.0011458397184328094
6.091726941834984e-20,1.0
6.394486358638004e-282,1.0
0.9999827591024291,1.7240897570529058e-05
0.999998030123233,1.969876767168485e-06
0.9999992652966342,7.347033657458167e-07
0.9990693902917516,0.0009306097082483309
0.9999857641810361,1.4235818963970602e-05
1.0101908952744936e-37,1.0
0.9999683924787763,3.160752122378894e-05
0.6881242495415951,0.3118757504584049
0.7426738918610996,0.2573261081389002
0.9999986048930319,1.3951069677894694e-06
0.9998924723857361,0.0001075276142639929
0.9995935607639653,0.00040643923603458633
0.9999694752049267,3.052479507296313e-05
0.7785789243600322,0.2214210756399678
0.9999686501805344,3.134981946548332e-05
9.260194587487781e-99,1.0
1.1964866155783207e-87,1.0
0.9954462723187268,0.004553727681273116
1.926383164176644e-102,1.0
4.7230282130313383e-172,1.0
0.9999790182298223,2.0981770177313724e-05
8.610772740839108e-219,1.0
3.091393083556213e-157,1.0
3.3857496876902844e-10,0.999999999661425
0.9999948758536602,5.124146339980576e-06
0.9999978388633697,2.1611366306978108e-06
0.9999973319388141,2.6680611861370494e-06
0.0,1.0
0.0,1.0
0.9999996357192849,3.642807151983371e-07
0.0,1.0
3.15633398067494e-168,1.0
0.9999746156708537,2.5384329146230795e-05
3.6992561192698275e-49,1.0
0.0,1.0
3.160993628370961e-17,1.0
7.022375461279553e-42,1.0
1.783162278222782e-42,1.0
0.9999924094772316,7.5905227688239505e-06
0.9999553156901705,4.468430982950542e-05
8.014561946582459e-13,0.9999999999991985
0.004417511977479046,0.9955824880225209
0.9999872525318567,1.2747468143759039e-05
0.9999971104960637,2.8895039367876804e-06
0.9999990983959087,9.016040918680378e-07
0.9995018526882627,0.0004981473117375096
0.9999570656923392,4.293430766082072e-05
0.9999989149283406,1.0850716589675605e-06
0.9999976775086172,2.322491382390994e-06
0.9999941183138342,5.88168616539332e-06
0.9990703849991659,0.0009296150008344645
3.512145495732356e-269,1.0
0.999997504341881,2.4956581187867784e-06
0.0020259437065322664,0.9979740562934677
6.321332644859884e-35,1.0
3.522286415620198e-46,1.0
0.9999733202771453,2.667972285503156e-05
0.6585946819667905,0.34140531803320956
3.466999987622423e-19,1.0
0.9989730704280803,0.0010269295719196939
0.0,1.0
0.7562174102991158,0.2437825897008842
0.2786775147697414,0.7213224852302584
1.6267680594845768e-183,1.0
2.80462352475713e-114,1.0
5.122848850104686e-47,1.0
0.9998548115156286,0.00014518848437103087
2.373782795594224e-309,1.0
0.9999060345518088,9.396544819136165e-05
6.338675968356762e-192,1.0
0.0,1.0
0.9999978703532222,2.1296467778017337e-06
0.40343095258990813,0.596569047410092
1.127532013162365e-23,1.0
1.8396512484851258e-113,1.0
0.9999921021154102,7.897884589751793e-06
6.68216785805041e-20,1.0
0.9999982749776449,1.7250223546996725e-06
0.9999969443404721,3.0556595273892e-06
1.2885392886142877e-32,1.0
0.9999993139549961,6.860450039140045e-07
0.09991071312813203,0.900089286871868
0.40584439412163487,0.5941556058783651
0.0005132330417696904,0.9994867669582302
0.9999828631663821,1.7136833618180588e-05
0.9999939242906466,6.075709353603039e-06
0.5826147589649554,0.4173852410350447
0.9992280682177055,0.0007719317822940793
2.8191375690806453e-41,1.0
9.571696803784993e-54,1.0
3.650346823586373e-132,1.0
1.2894423187058615e-11,0.9999999999871055
0.9999925393261008,7.460673899296765e-06
0.9999185256459414,8.147435405877038e-05
0.0,1.0
0.998957120235482,0.0010428797645180184
0.0,1.0
5.904348070532454e-125,1.0
1.8458347543105363e-06,0.9999981541652456
2.8949385761027028e-09,0.9999999971050614
0.999782459103074,0.000217540896926235
0.0,1.0
5.6848520229068566e-36,1.0
1.1679175628846193e-18,1.0
0.9999886616053582,1.1338394641736159e-05
0.9999819022727792,1.809772722064251e-05
0.9975226975925009,0.0024773024074990126
2.421020840176111e-264,1.0
0.9999553156901705,4.468430982950542e-05
2.7463884702499895e-57,1.0
9.956688016617924e-57,1.0
7.742780310894444e-101,1.0
0.9999932358917086,6.764108291159044e-06
2.534463638989127e-16,0.9999999999999998
0.9995625748851782,0.0004374251148215804
6.73935497796516e-33,1.0
0.9983339573263708,0.0016660426736292448
0.0,1.0
0.980609493640829,0.019390506359170893
0.0,1.0
0.9999854887064065,1.4511293593604945e-05
0.99999902179867,9.7820132984439e-07
8.727364871713882e-33,1.0
0.0,1.0
0.9999980518786331,1.9481213664924965e-06
0.0,1.0
0.9992246350249635,0.0007753649750363068
0.0,1.0
0.9991092770679862,0.0008907229320137448
0.9999983045426222,1.6954573776093847e-06
4.251585536284136e-173,1.0
0.0012933821174031773,0.9987066178825967
0.0,1.0
0.1517249844967876,0.8482750155032124
0.0001911741361053896,0.9998088258638946
3.3557790702112303e-167,1.0
0.7956355740316544,0.2043644259683455
0.9990412401272846,0.0009587598727151751
0.9999978697586288,2.1302413703105806e-06
0.9974150574583229,0.0025849425416768247
0.9999707305240645,2.9269475935767455e-05
1.8818782053554765e-128,1.0
0.9348106044081295,0.06518939559187055
0.9999923099239303,7.690076070012932e-06
0.999981398067499,1.8601932500653826e-05
0.9998681853839683,0.00013181461603165593
4.385538532983062e-09,0.9999999956144614
0.0,1.0
5.86331271239321e-18,1.0
0.9999877465302138,1.2253469785930852e-05
0.0,1.0
0.9999538728417245,4.6127158275629135e-05
0.9949932278973643,0.0050067721026358005
0.9999991291041042,8.708958961257917e-07
0.9999983963946534,1.603605346690412e-06
0.9983220445603745,0.0016779554396253794
0.4035053487959049,0.5964946512040952
0.9990077395797653,0.000992260420234646
5.598047557911046e-54,1.0
0.999911015735193,8.898426480733523e-05
1.2240926738211902e-22,1.0
0.0,1.0
0.999986464836774,1.3535163226234183e-05
0.0,1.0
0.9999924291162494,7.570883750386594e-06
7.66e-322,1.0
3.4062509062847328e-09,0.999999996593749
4.120013532278313e-30,1.0
0.9446677296886398,0.055332270311360045
0.9987620738691494,0.0012379261308507682
2.094434814469036e-133,1.0
0.9999968232216372,3.1767783629085545e-06
0.999974484612783,2.5515387216583296e-05
0.9999981621971056,1.8378028943429329e-06
0.9888474997772937,0.011152500222706103
0.9999990362614256,9.637385738391746e-07
0.9999310080811761,6.899191882354523e-05
0.9953311017270011,0.004668898272998655
0.9999964312222981,3.5687777018770983e-06
5.073447445122211e-165,1.0
0.9999201603737156,7.983962628472759e-05
0.9999420071133936,5.799288660610938e-05
0.9999882556354404,1.1744364559707622e-05
0.9996445564845164,0.0003554435154836166
0.9853151541296893,0.01468484587031072
0.02569555369189354,0.9743044463081065
0.9999975736611112,2.4263388891876787e-06
0.9999255981033391,7.440189666107141e-05
0.9999961200907301,3.879909270265012e-06
0.9998666805691846,0.0001333194308154157
0.0,1.0
2.4253457067810058e-09,0.9999999975746543
0.11290114913563688,0.8870988508643631
0.9999883053291866,1.1694670813681074e-05
0.9999698825499143,3.011745008612673e-05
0.0,1.0
6.625358013675012e-283,1.0
0.999997210278406,2.7897215943295762e-06
1.9325485305045e-05,0.999980674514695
0.9999566887184483,4.3311281551189887e-05
0.9999968492308341,3.150769165807343e-06
0.9999988049272854,1.1950727150912632e-06
0.9999856754908137,1.4324509186268108e-05
0.999713123752978,0.000286876247022107
0.999996512071539,3.4879284609665925e-06
2.1027329990751628e-22,1.0
1.585724191891463e-155,1.0
1.2814940738084614e-05,0.9999871850592621
0.9999642544345794,3.574556542083195e-05
0.9988495189009525,0.0011504810990473923
0.9999921884569312,7.811543068442306e-06
0.9999992011939909,7.988060089775405e-07
0.9999983248114181,1.6751885817222964e-06
4.4461705362180945e-154,1.0
0.9983567372396905,0.001643262760309289
0.9622005299150056,0.03779947008499445
0.9999984232528499,1.5767471504219374e-06
0.9999988117528348,1.1882471652499982e-06
1.9448861831973752e-27,1.0
0.9988107688211885,0.0011892311788114292
0.9999997681191675,2.318808321982457e-07
6.966551249772891e-36,1.0
0.9999795472940344,2.0452705965968403e-05
3.022208021137254e-07,0.9999996977791982
0.9909249816087855,0.009075018391214872
0.9999852318888092,1.4768111190963973e-05
3.494531526300256e-108,1.0
0.9999980058847223,1.9941152782747866e-06
2.8020572857852414e-55,1.0
0.999996455892826,3.5441071737147113e-06
5.5400012528924564e-139,1.0
1.5e-323,1.0
0.9999923248154806,7.67518451974618e-06
0.9999688315306224,3.1168469377585204e-05
4.342694142670324e-276,1.0
4.414902487640095e-122,1.0
4.120013532278313e-30,1.0
0.9756064767680708,0.02439352323192947
1.1173146911627748e-303,1.0
0.999999792889387,2.0711061304854418e-07
9.331171105531499e-79,1.0
0.9809531426636449,0.019046857336354975
1.9262856685405627e-230,1.0
2.590578220150434e-170,1.0
1.229353782782864e-51,1.0
2.425566735560393e-197,1.0
1.2715446274186235e-178,1.0
8.16796433186754e-06,0.9999918320356681
0.0,1.0
0.9997908807151424,0.0002091192848574224
1.2322737450743994e-186,1.0
0.9991988657664959,0.0008011342335045664
2.517005718462068e-44,1.0
9.446922329828788e-09,0.9999999905530776
0.0,1.0
0.9999987996580196,1.2003419799719725e-06
2.3673382657503136e-41,1.0
0.99975811864437,0.00024188135562989535
0.9799471664002927,0.02005283359970731
2.0117663273945666e-38,1.0
0.9995534094695308,0.0004465905304692139
0.9999377419059475,6.225809405227363e-05
3.030447219399839e-40,1.0
0.9999536241462309,4.637585376908103e-05
0.10240778476142201,0.897592215238578
0.9999955557058977,4.44429410244409e-06
1.7015846009231236e-58,1.0
0.9999992361161705,7.63883829390541e-07
0.9999949689834788,5.031016521077144e-06
0.9999903934283382,9.606571661636832e-06
0.9999844591256787,1.5540874321140773e-05
0.9999983669481012,1.6330518979638883e-06
0.9999979472495558,2.0527504434434484e-06
0.9999669807883134,3.301921168642656e-05
2.1081864899497498e-44,1.0
1.1471661267256939e-05,0.9999885283387329
4.089233713784382e-139,1.0
1.5532729319601417e-07,0.9999998446727069
2.713828006710193e-121,1.0
0.9999985162924487,1.483707551169295e-06
1.5713810618736457e-154,1.0
1.3188192159926697e-16,1.0
0.9926077356873517,0.0073922643126482675
9.37282322092198e-19,1.0
9.045214135771439e-53,1.0
0.0,1.0
0.0694034467900398,0.93059655320996
0.9986809927237313,0.0013190072762686745
5.949180755641031e-168,1.0
1.0939102672624319e-12,0.9999999999989061
0.0,1.0
0.0,1.0
1.1876475397876591e-196,1.0
1.745719760194097e-138,1.0
2.7320669019918396e-09,0.999999997267933
5.7238293335969075e-129,1.0
0.0001187169858931094,0.9998812830141071
0.9999658049509975,3.4195049002500795e-05
0.9997618172088738,0.00023818279112623302
0.9999146574882257,8.534251177435028e-05
0.9999971450414891,2.8549585110826926e-06
0.9999646157482749,3.538425172517573e-05
4.867300034079724e-06,0.9999951326999659
1.9205329171833526e-18,1.0
9.247266721559241e-18,1.0
0.0514141454924091,0.9485858545075909
8.585746562535004e-298,1.0
0.0,1.0
0.9999084853690492,9.151463095063234e-05
6.90693569576841e-227,1.0
0.9999925999813155,7.400018684868807e-06
2.345404566205825e-05,0.9999765459543379
1.038693148973227e-141,1.0
0.9991179063708393,0.0008820936291606909
0.9999990267416596,9.732583403431376e-07
1.065279507019497e-22,1.0
0.9999926389571382,7.361042862170668e-06
3.320221260374872e-05,0.9999667977873963
0.9998320918659425,0.0001679081340570849
0.0,1.0
1.4421499280967753e-139,1.0
0.9999977200740118,2.2799259886747988e-06
1.4954918383947126e-58,1.0
0.9999963838786184,3.6161213819981647e-06
5.614652966081433e-98,1.0
3.9807301089034228e-28,1.0
0.9999986017916505,1.398208349104963e-06
0.0,1.0
0.9191484166441541,0.08085158335584594
0.9999889303272119,1.1069672788172606e-05
4.857674190367307e-152,1.0
7.026917655471233e-67,1.0
0.9960175653038904,0.003982434696109564
2.637929774654124e-11,0.9999999999736211
0.9999969938856268,3.0061143730299395e-06
0.9850196360856235,0.014980363914376264
2.186817258180888e-10,0.9999999997813183
0.9997211908548571,0.00027880914514300805
0.0,1.0
4.52850347485576e-301,1.0
3.56730644190483e-229,1.0
0.9886644261224777,0.011335573877522384
0.9999993272794165,6.727205831317139e-07
3.4161161266639355e-207,1.0
8.643035814666776e-56,1.0
0.9999834776993349,1.652230066519977e-05
0.9999992937758833,7.062241164611963e-07
0.9999693481467974,3.0651853202373974e-05
4.023431251134776e-49,1.0
0.0,1.0
0.9999486269029104,5.137309708981084e-05
1.634660988285112e-54,1.0
0.9999862327186889,1.3767281310761298e-05
1.6140225855175387e-68,1.0
3.150789098988212e-255,1.0
5.311570587219758e-06,0.9999946884294129
1.7015846009231236e-58,1.0
0.0,1.0
1.615973376347959e-232,1.0
4.349023959220941e-36,1.0
4.05041165710032e-151,1.0
1.9785770998904544e-189,1.0
0.9999720768367952,2.792316320501205e-05
0.9954188867698763,0.004581113230123617
0.9999735660389849,2.643396101509855e-05
0.07769972566330494,0.922300274336695
3.6838863834351463e-222,1.0
0.9992964028833345,0.0007035971166654311
2.790747831313784e-79,1.0
0.9995562656677953,0.00044373433220486463
0.0,1.0
1.5918801262392117e-75,1.0
0.9999309166206939,6.908337930569054e-05
0.9258473331531392,0.07415266684686078
9.519811805383706e-19,1.0
8.012702088064439e-287,1.0
3.3382747110136143e-09,0.9999999966617252
0.9999941248376636,5.875162336774377e-06
2.072071928606378e-13,0.9999999999997922
0.9999966678973008,3.332102699495962e-06
0.999984371695922,1.5628304078827344e-05
5.434062726127849e-179,1.0
0.9999966516955755,3.3483044241309934e-06
8.60301485869972e-292,1.0
2.0293638003193367e-166,1.0
0.9999993931047907,6.06895209299674e-07
0.9999903058147382,9.694185261413948e-06
0.9999943708976932,5.629102306807142e-06
0.999998100999255,1.899000745410896e-06
0.9999988285159805,1.1714840193188159e-06
0.9986939050535453,0.001306094946454713
3.0586436796672726e-42,1.0
2.2111551063668716e-14,0.9999999999999778
0.9934767152293923,0.00652328477060756
0.0,1.0
1.2554347925646605e-29,1.0
0.9997673613298963,0.0002326386701037729
0.905916389874081,0.09408361012591906
0.9995541439255321,0.0004458560744681354
0.9440657983403618,0.05593420165963831
9.855600396658926e-11,0.9999999999014442
2.4253048128324674e-43,1.0
2.5791194279589134e-252,1.0
0.9983162237943084,0.0016837762056917127
2.2801486999793769e-07,0.99999977198513
0.9999956770383256,4.322961674639012e-06
0.9999631665527589,3.683344724071488e-05
1.704610149716517e-54,1.0
1.0637253556271721e-281,1.0
0.9064880568177358,0.09351194318226418
0.9998702060199227,0.00012979398007696106
0.0006537411019371243,0.9993462588980628
4.910888540065233e-153,1.0
6.861029355522451e-261,1.0
0.9999872240818519,1.2775918148262868e-05
0.9999910472449975,8.952755002742634e-06
2.436765598165542e-28,1.0
2.596404155487828e-32,1.0
2.7526537035746292e-223,1.0
0.002834116393633178,0.9971658836063668
0.9999987308064088,1.269193590892102e-06
1.9335704915060323e-09,0.9999999980664294
3.444538636109817e-11,0.9999999999655547
0.9999978209017907,2.1790982093049236e-06
0.0,1.0
0.999996593446215,3.4065537841643678e-06
0.00010251298717422409,0.9998974870128255
0.9990077395797653,0.000992260420234646
0.0,1.0
5.181458859966255e-256,1.0
0.0,1.0
0.9999996740005422,3.259994576782502e-07
1.9197405411353197e-239,1.0
0.9999982067330263,1.7932669733818081e-06
0.9999852457985792,1.4754201420490583e-05
5.055214318210701e-10,0.9999999994944782
0.7795319915826756,0.22046800841732425
0.9999978939080529,2.10609194747727e-06
0.9999985785786002,1.4214213997321442e-06
3.0009451865803974e-44,1.0
0.9777340638247135,0.02226593617528663
1.7065550357390645e-217,1.0
0.9999898956349873,1.010436501283467e-05
1.3755762831101389e-24,1.0
0.9999853793003758,1.4620699624611068e-05
0.9964839229761988,0.003516077023801011
0.9999753686010507,2.463139894907012e-05
0.9995967021416706,0.000403297858329196
1.0792621205937924e-115,1.0
0.0,1.0
2.1233209986245804e-234,1.0
4.837308893393484e-12,0.9999999999951626
0.99988586602311,0.00011413397688991624
0.9996263986675171,0.0003736013324829944
0.03950498659750112,0.9604950134024989
0.19943461677312874,0.8005653832268713
0.0,1.0
0.9999961423885585,3.857611441850081e-06
1.6249446512565645e-08,0.9999999837505539
2.2694844171347493e-72,1.0
0.9999967931240178,3.2068759820956703e-06
9.217207024235234e-15,0.9999999999999907
0.999997841358214,2.158641785615361e-06
2.2598126316658824e-48,1.0
0.9999952956299374,4.704370062764658e-06
0.9983247881932165,0.001675211806783567
0.9999993161507617,6.83849238146114e-07
0.9973648707067724,0.0026351292932276214
0.40486246729265485,0.5951375327073452
0.7298075535348112,0.27019244646518875
0.907759334266155,0.09224066573384501
0.999999133547442,8.664525577666305e-07
1.1385999240452449e-08,0.9999999886140007
0.9999975053357386,2.494664261104195e-06
0.0,1.0
8.883168608015705e-120,1.0
0.9979309806323061,0.0020690193676937813
0.9999904259422994,9.574057700831682e-06
2.957698753361509e-50,1.0
0.0,1.0
8.795276591638472e-17,1.0
0.9999784530291024,2.1546970897327805e-05
2.126843250880938e-71,1.0
0.9999902312534521,9.76874654819445e-06
0.9954525614141979,0.00454743858580203
0.999994796983997,5.203016002685905e-06
0.9999986183944142,1.3816055856242547e-06
0.9999970123860036,2.9876139960689184e-06
0.0,1.0
0.0,1.0
0.9997384708348855,0.0002615291651145835
0.9999970550048229,2.944995176278001e-06
0.0001837325471079586,0.999816267452892
2.7880471361238793e-196,1.0
0.9999764794409043,2.3520559095497362e-05
0.9994555598431727,0.0005444401568276613
1.1814406106680317e-67,1.0
0.9999987255176185,1.2744823813974753e-06
8.913545145252364e-48,1.0
3.4366869751353074e-89,1.0
5.146190455627751e-42,1.0
2.3005598901183366e-289,1.0
0.26545398193450265,0.7345460180654974
0.9999084280332101,9.157196679028916e-05
1.5568294919808656e-56,1.0
0.9996929019034029,0.0003070980965970857
5.201940112196218e-59,1.0
0.03188194294917051,0.9681180570508294
0.9999408988471868,5.9101152813162734e-05
6.061937848877752e-285,1.0
1.5254519708905758e-264,1.0
0.9999809360659486,1.9063934051291503e-05
0.9999823083011139,1.769169888614808e-05
0.9990776119258817,0.0009223880741184863
4.817065881508191e-236,1.0
2.873259709059757e-193,1.0
3.289830437878098e-63,1.0
0.9999584009418104,4.1599058189713525e-05
0.0,1.0
4.093563877344396e-121,1.0
6.71947328132769e-119,1.0
0.0,1.0
0.750606774318485,0.24939322568151498
1.3754567936354369e-274,1.0
0.990610317387079,0.009389682612920815
8.732287149210474e-182,1.0
0.999764291802214,0.00023570819778624845
0.9999740797543334,2.592024566633435e-05
0.0,1.0
0.020685573957805903,0.9793144260421939
3.6188428120201834e-125,1.0
0.0,1.0
8.056383258802507e-159,1.0
2.821831942105525e-234,1.0
5.352607490021977e-96,1.0
0.9999565239121174,4.347608788264891e-05
1.4429000159149704e-23,1.0
0.9999992093529196,7.906470799171009e-07
2.790747831313784e-79,1.0
0.999959558573615,4.044142638478132e-05
1.6011955472144956e-80,1.0
0.0,1.0
6.468858892743284e-12,0.9999999999935312
3.8726407969293275e-12,0.9999999999961273
3.470877993881989e-175,1.0
5.763937917356871e-13,0.9999999999994236
2.212679060062641e-255,1.0
0.0,1.0
0.9999974392503765,2.56074962324924e-06
2.3545977461227747e-174,1.0
2.1112068379486158e-17,1.0
0.9986045258220108,0.001395474177989475
0.9999944177796982,5.582220301876199e-06
6.464901196273232e-117,1.0
0.9999978214213162,2.1785786834949295e-06
0.9999648189667715,3.518103322851459e-05
0.999968332559295,3.1667440705191856e-05
0.9999576595468864,4.234045311327881e-05
0.9999963482149916,3.6517850083018734e-06
0.9992220738799336,0.0007779261200666007
0.10021845160544778,0.8997815483945524
8.377300127145313e-13,0.9999999999991622
0.9999837236207562,1.6276379243409776e-05
0.9978168219709503,0.0021831780290492687
9.229688845820302e-59,1.0
0.0012966654238944692,0.9987033345761055
0.9999504124717203,4.958752827974419e-05
0.9999104086669605,8.959133303943531e-05
0.9998659803867912,0.0001340196132085512
3.3963208611467497e-20,1.0
0.0,1.0
0.9998849192790256,0.00011508072097403518
0.9999911141041864,8.885895813217314e-06
5.329340117437297e-07,0.9999994670659883
2.5805179470651572e-161,1.0
0.9999704130141794,2.9586985820741528e-05
0.9999771903617781,2.280963822168114e-05
0.45936256459963226,0.5406374354003678
5.5450159538880506e-244,1.0
1.642525240632758e-52,1.0
0.0,1.0
0.9960175653038904,0.003982434696109564
0.9999894442075457,1.0555792454191402e-05
9.619254017694519e-54,1.0
0.9999912779317762,8.722068224004681e-06
0.002257055970662604,0.9977429440293378
0.9999971363676344,2.863632364735887e-06
1.6231745191712832e-44,1.0
6.177018628597776e-196,1.0
0.6564618579610092,0.3435381420389908
0.0,1.0
0.0,1.0
7.950436317830716e-111,1.0
0.9999967353486844,3.2646513158822305e-06
0.0,1.0
0.9999979201859645,2.079814035995152e-06
0.00029669538480180216,0.999703304615198
6.084586364018614e-24,1.0
0.9999755251382788,2.4474861720769068e-05
0.9999971450414891,2.8549585110826926e-06
1.4260432366479873e-220,1.0
0.9999910133051428,8.986694857468056e-06
2.0190146955116337e-39,1.0
0.4067379620329961,0.5932620379670038
2.248612634221048e-15,0.9999999999999973
0.0,1.0
1.714384257109814e-21,1.0
0.9999987801175976,1.2198824024588217e-06
0.9976801872840136,0.0023198127159862066
2.2071167623535252e-27,1.0
3.6705778738027084e-20,1.0
0.0,1.0
0.9999578080081384,4.21919918619671e-05
0.9999984140746071,1.585925393275566e-06
0.0,1.0
0.9995598292768861,0.0004401707231142574
0.9989877741140689,0.001012225885931007
0.9999818946071343,1.8105392865988104e-05
0.9999893447596997,1.0655240300714732e-05
0.6684649219339329,0.33153507806606697
8.470153761939107e-209,1.0
0.9136562186606217,0.08634378133937827
0.9999981120173486,1.8879826510199212e-06
0.9999940582998373,5.941700163098272e-06
0.999929271181581,7.072881841866653e-05
0.999997315096227,2.6849037729059687e-06
1.9581511701342132e-210,1.0
0.9999903369390936,9.663060906462505e-06
0.9999960976328487,3.902367150908254e-06
6.168167844233962e-13,0.9999999999993832
0.9872923099411407,0.012707690058859272
0.999996166286066,3.8337139342131755e-06
0.9999955078845194,4.492115480816518e-06
3.4614980432257455e-49,1.0
1.4345677665602667e-217,1.0
0.0,1.0
2.2401057947268737e-146,1.0
0.9999976232782606,2.3767217392583063e-06
3.801909540846366e-226,1.0
0.9999420255975308,5.797440246935211e-05
0.999834380631106,0.00016561936889380346
0.9999935726494931,6.427350506895558e-06
0.9746164612005127,0.02538353879948722
2.014128562591586e-09,0.9999999979858715
2.0098585336314608e-22,1.0
0.9999921828653873,7.817134612984254e-06
3.5507682695555756e-16,1.0
5.2479181990856e-146,1.0
0.9999928684810513,7.13151894891682e-06
0.9999681136993261,3.188630067386131e-05
0.9999748903258987,2.5109674101471745e-05
8.396560742862708e-46,1.0
9.100922869728723e-09,0.9999999908990771
1.4389988678999956e-14,0.9999999999999856
8.470153761939107e-209,1.0
0.99999523172055,4.76827945012853e-06
0.0,1.0
0.9998894407096943,0.00011055929030571264
0.9999989924097075,1.0075902933307405e-06
1.0411990621926369e-53,1.0
0.998261239615327,0.0017387603846732013
0.9976424467362719,0.0023575532637280156
6.481834619113042e-121,1.0
1.6206275458497373e-88,1.0
7.452308470254432e-157,1.0
4.0820263968926796e-66,1.0
2.335127945102052e-12,0.999999999997665
0.9999959231933979,4.076806602221963e-06
7.046921577476379e-05,0.9999295307842252
0.9999690753198361,3.0924680163695023e-05
0.0,1.0
0.0,1.0
0.9999972701341411,2.729865858979468e-06
7.698328247756362e-44,1.0
0.999959558573615,4.044142638478132e-05
1.5217937403657564e-268,1.0
4.128646298129995e-09,0.9999999958713537
0.9999813299063851,1.8670093614754108e-05
0.02555155204442049,0.9744484479555794
0.0,1.0
1.7513456682252315e-102,1.0
0.9999991753850537,8.246149463315936e-07
0.5472647984390229,0.45273520156097713
0.9999936882014099,6.31179859008172e-06
3.9773883843886504e-135,1.0
0.9865039115115009,0.013496088488499043
1.2287910926009966e-288,1.0
0.9999954253581295,4.574641870893325e-06
0.0,1.0
1.342619800481215e-39,1.0
0.9999987452912953,1.2547087051148604e-06
4.3931350396580456e-66,1.0
0.9999915406472166,8.459352783004625e-06
1.3219308816180996e-176,1.0
0.0,1.0
0.9999893749665777,1.0625033422231165e-05
8.727364871713882e-33,1.0
0.9999855420784524,1.4457921547179308e-05
0.9999799140346566,2.0085965343216962e-05
0.6049469838615175,0.3950530161384824
2.6305328817094006e-94,1.0
2.581336727306646e-37,1.0
0.9999991279410346,8.720589661680998e-07
1.4617674283629892e-41,1.0
0.0,1.0
0.9854138909538033,0.014586109046196886
0.8860486394661796,0.11395136053382038
0.9994165446740871,0.0005834553259127721
0.999995798936371,4.201063629198037e-06
2.2977045395665391e-175,1.0
0.9999368086117776,6.319138822268599e-05
0.999986464836774,1.3535163226234183e-05
0.003675736949972873,0.9963242630500271
0.9988453293365815,0.0011546706634187134
2.5903281235419876e-177,1.0
1.2639484389422697e-139,1.0
0.9999927252103465,7.27478965383153e-06
0.0,1.0
0.9999827508161657,1.7249183834126324e-05
0.0,1.0
0.9988588325721961,0.0011411674278039097
2.589420861902047e-12,0.999999999997411
0.999989538648356,1.0461351643866136e-05
3.241203174442138e-09,0.9999999967587967
6.815566498301584e-13,0.9999999999993184
0.9999841898710504,1.581012894968661e-05
0.9992127997709057,0.0007872002290943114
0.9999651781353165,3.482186468378066e-05
0.9979944151438254,0.0020055848561747742
0.996721871702862,0.00327812829713799
0.0,1.0
0.9999997728104084,2.2718959142561585e-07
0.9999994425519539,5.574480456735924e-07
2.0534587464710545e-68,1.0
2.218107756318625e-119,1.0
0.9999984217244393,1.578275560262852e-06
0.9999927524781711,7.247521828580981e-06
0.0,1.0
0.0,1.0
0.9992717798642718,0.0007282201357284781
0.9999732852934906,2.671470650936811e-05
2.972853222884916e-174,1.0
0.9999789325926141,2.1067407385988964e-05
0.991818979996134,0.008181020003866064
2.2875212722569297e-08,0.9999999771247873
0.9999787075477634,2.1292452236912183e-05
0.9999928964310323,7.1035689680143345e-06
0.9999844129213448,1.5587078655023865e-05
1.2344593236896473e-56,1.0
0.9996610258530809,0.0003389741469194598
0.9896925896005346,0.010307410399465365
0.00010315602903463276,0.9998968439709653
0.0019291306155571261,0.9980708693844428
0.9994597229335395,0.000540277066460613
5.937832189876983e-36,1.0
6.993867702334171e-218,1.0
0.9999985094026058,1.4905973937845394e-06
0.0,1.0
0.02040070166007021,0.9795992983399298
0.9999889981772521,1.1001822748043538e-05
0.00024892577678743255,0.9997510742232124
2.0401742356162575e-124,1.0
0.0,1.0
5.781567040194126e-42,1.0
0.9990610407142781,0.0009389592857219667
0.00010315602903463276,0.9998968439709653
0.29492172484151197,0.7050782751584881
2.791169878815762e-47,1.0
0.9998902352256684,0.00010976477433119815
1.8257733703080156e-11,0.9999999999817423
0.9999463100429261,5.368995707427297e-05
0.9999971620981153,2.8379018845537597e-06
5.161737663698841e-85,1.0
1.9990764991250755e-143,1.0
0.999997179696156,2.820303843905308e-06
0.9999976775086172,2.322491382390994e-06
0.0,1.0
0.28783419010697364,0.7121658098930264
0.9999979806733648,2.0193266351824603e-06
0.9828540157575943,0.017145984242405578
0.9999969408714826,3.0591285171447766e-06
4.057102127885956e-06,0.9999959428978722
0.9999950975243782,4.9024756215382814e-06
0.0,1.0
0.7786206865971044,0.2213793134028955
0.9998402017414029,0.0001597982585973431
3.4936752402101775e-160,1.0
0.9961005916868869,0.003899408313113126
0.9999950640994391,4.935900560752094e-06
0.9999991977790341,8.022209662176633e-07
0.9999949112386933,5.088761306297446e-06
3.637222757360029e-38,1.0
0.9999607448875107,3.925511248945301e-05
0.9999980634923064,1.9365076936726105e-06
0.0,1.0
1.8309554295408776e-226,1.0
0.988142786841146,0.011857213158853913
0.9937977335721722,0.006202266427827938
0.9999916041285716,8.395871427572255e-06
6.429176272993344e-24,1.0
0.9999309166206939,6.908337930569054e-05
9.030926793615738e-147,1.0
9.83881105308555e-128,1.0
4.180924221794573e-48,1.0
0.9999232659177723,7.673408222732226e-05
8.137442245005741e-12,0.9999999999918625
0.9988738524188207,0.0011261475811791997
0.9996090766492722,0.00039092335072760527
2.1231166294098819e-128,1.0
3.6645660668328225e-07,0.9999996335433933
1.8747164342229178e-268,1.0
0.9999993425586163,6.574413841540263e-07
0.9999935203641623,6.479635837952924e-06
0.9999721020311141,2.789796888515942e-05
0.7039755262829225,0.2960244737170776
2.7304029776783974e-12,0.9999999999972696
1.1667147035757172e-54,1.0
0.0,1.0
0.9997442287205589,0.00025577127944114076
0.9999780613206415,2.193867935862106e-05
3.958288653477792e-05,0.9999604171134652
0.999971984756441,2.8015243559385346e-05
6.394486358638004e-282,1.0
0.9994490600215945,0.0005509399784057193
0.9999738778105335,2.612218946626734e-05
0.9999967294291189,3.2705708812351243e-06
9.323337667632888e-21,1.0
0.9999929024536475,7.097546352127177e-06
0.9999733187018829,2.6681298117119526e-05
3.110277906025779e-150,1.0
3.6099200404634244e-13,0.999999999999639
0.9996753486191482,0.00032465138085178947
0.5681061139583375,0.4318938860416623
0.9999874850329652,1.2514967034608758e-05
0.9993655125560187,0.0006344874439816268
0.9999973712081041,2.6287918962607065e-06
0.999036443991323,0.0009635560086768923
0.9999980551805596,1.9448194410363658e-06
0.9999975140524926,2.4859475068663664e-06
9.29523119112699e-15,0.9999999999999907
0.9999251026376142,7.489736238575786e-05
4.85679793803314e-287,1.0
0.9999990983959087,9.016040918680378e-07
0.9999571183121931,4.288168780645259e-05
0.9999990752374707,9.24762529338219e-07
0.9999986530957419,1.346904257787811e-06
7.320622023291e-51,1.0
1.4621976625018591e-78,1.0
0.9965099602350105,0.0034900397649895373
0.002201740577378212,0.9977982594226216
0.999349368355708,0.0006506316442919978
0.9999955058658997,4.494134100737868e-06
0.9999966702631471,3.329736852820018e-06
2.3508311418614983e-30,1.0
0.0,1.0
1.92458861595546e-35,1.0
2.8807144585614944e-99,1.0
1.6725526143063624e-57,1.0
9.045214135771439e-53,1.0
0.9927168765192587,0.007283123480741095
3.578880237781708e-11,0.9999999999642113
5.817448111010275e-13,0.9999999999994182
0.9999958898086033,4.110191396740602e-06
0.0,1.0
0.9999959231933979,4.076806602221963e-06
0.0,1.0
0.0,1.0
0.9999969066540657,3.0933459349856025e-06
0.9999824073615683,1.7592638431859652e-05
0.0,1.0
3.9004350340454665e-16,0.9999999999999996
0.9999925318430394,7.468156960641339e-06
0.9994504952660602,0.0005495047339400596
4.0030430404509125e-235,1.0
8.172929848706578e-125,1.0
1.3133725464818715e-22,1.0
0.9581345427249848,0.04186545727501526
2.4065114613474135e-05,0.9999759348853865
0.9999899388518783,1.006114812182878e-05
7.394403479998082e-195,1.0
0.999985334469706,1.4665530293898273e-05
0.999997842416621,2.1575833792144127e-06
1.589447422435794e-87,1.0
0.9948248905161425,0.0051751094838578685
0.0,1.0
1.7451924882567053e-67,1.0
0.999997056993461,2.943006539333001e-06
0.19797124441897368,0.8020287555810266
2.278763832878734e-05,0.9999772123616709
0.9999974005218526,2.5994781466173887e-06
0.0026434382663629154,0.9973565617336373
0.999732210659573,0.000267789340426905
0.0,1.0
4.07712194209263e-18,1.0
0.9999859271212728,1.4072878727193608e-05
0.9999968783262448,3.1216737546358223e-06
0.999983015538633,1.6984461366820675e-05
0.9999987231382635,1.27686173622732e-06
0.9999963740013632,3.625998636935803e-06
0.9996622210606654,0.0003377789393348734
0.9999941794779703,5.8205220298184555e-06
1.8091169686258916e-19,1.0
0.0,1.0
0.9999002747379642,9.972526203587364e-05
3.848292522151434e-36,1.0
0.0,1.0
0.9999987250725075,1.2749274926208538e-06
0.999341888830753,0.0006581111692468368
2.8599207749510343e-185,1.0
2.442934991088197e-13,0.9999999999997558
0.9711724503271452,0.02882754967285479
6.837878892151983e-236,1.0
2.3730859198814617e-70,1.0
7.076839385473243e-69,1.0
1.8048156039568632e-08,0.9999999819518439
1.8169667675493828e-246,1.0
0.9987114219602723,0.0012885780397281722
4.0821635565155974e-29,1.0
0.9760172840109076,0.023982715989092466
0.9999723239793916,2.7676020608235642e-05
0.0002591297624447378,0.9997408702375553
0.9999987849995291,1.2150004709368202e-06
0.9999922337852425,7.766214757793774e-06
0.9999887377117137,1.1262288286553163e-05
8.923393820711019e-239,1.0
0.8059489221106293,0.19405107788937057
4.333296712065865e-64,1.0
2.2946642704593675e-07,0.9999997705335734
0.9999603909638831,3.960903611713542e-05
0.0,1.0
0.999990403162189,9.596837811227859e-06
0.9999716497871994,2.8350212800918767e-05
8.441229335761582e-62,1.0
1.3050512707844786e-173,1.0
0.9997617608269799,0.00023823917302015976
0.9985702751051421,0.0014297248948580445
2.617591845387064e-245,1.0
6.072236608472907e-143,1.0
3.7739021011763686e-32,1.0
0.9975747822406651,0.0024252177593349794
1.1722461209023508e-162,1.0
0.9999765825630675,2.3417436932062206e-05
0.9999898750629795,1.0124937020095985e-05
0.9488669622726797,0.05113303772732029
0.9843837738352308,0.015616226164769108
0.8875938985834079,0.11240610141659203
6.404558488534885e-158,1.0
0.9999986540968242,1.345903175832318e-06
0.9999988358647939,1.1641352060386874e-06
0.9999926389571382,7.361042862170668e-06
0.9999964350053127,3.564994686974403e-06
0.9938438867617723,0.006156113238227955
5.294255508870336e-10,0.9999999994705744
2.972853222884916e-174,1.0
6.536941827005854e-222,1.0
4.927334861914285e-203,1.0
0.9999955400203405,4.45997965966562e-06
0.991959093828509,0.00804090617149082
1.0461858682695792e-306,1.0
1.6758689683918357e-18,1.0
0.9999339612860918,6.603871390817908e-05
2.2354563302023297e-06,0.99999776454367
0.0,1.0
0.9999918200873805,8.179912619434915e-06
0.003142973631717875,0.9968570263682821
0.9999952574135484,4.742586451809243e-06
0.9316073333014973,0.06839266669850276
8.018837772284237e-21,1.0
4.0031682812128e-85,1.0
2.2136943586266574e-155,1.0
0.8896517278853928,0.11034827211460708
0.9999974832875799,2.516712420355382e-06
0.9999084853690492,9.151463095063234e-05
0.9934533778421519,0.006546622157847797
0.9998015418858005,0.0001984581141996458
0.9999926761881992,7.32381180077318e-06
0.9999997681191675,2.318808321982457e-07
2.6859900801083144e-07,0.9999997314009922
3.251376246522856e-28,1.0
0.901374043000977,0.098625956999023
0.9365944241677397,0.06340557583225988
0.9996451456727836,0.00035485432721637665
0.9916270949158996,0.008372905084100123
0.9975364813111727,0.0024635186888271854
0.9975419346935269,0.0024580653064729015
0.9999821148397983,1.78851602017095e-05
0.9999805580274214,1.9441972578428176e-05
0.9999944562665342,5.543733465956247e-06
0.9999970252675544,2.974732446031904e-06
0.0,1.0
0.9999805321087553,1.9467891244446454e-05
0.9999991753850537,8.246149463315936e-07
0.9999955670487234,4.432951276482201e-06
1.615973376347959e-232,1.0
0.0014515044500808326,0.9985484955499192
0.9999578141722256,4.218582777462519e-05
0.9999965710570322,3.4289429677481334e-06
0.9999869377805359,1.3062219464466943e-05
0.9999931261827381,6.873817261550692e-06
1.1305172883949995e-15,0.9999999999999987
0.9999990594544075,9.405455928560949e-07
0.9999864656067858,1.3534393213778637e-05
6.429176272993344e-24,1.0
0.495123616772485,0.5048763832275148
0.9994553943187418,0.0005446056812584862
3.444538636109817e-11,0.9999999999655547
0.9992118546165417,0.0007881453834583256
0.9925727226025995,0.007427277397400511
2.616576277365723e-07,0.9999997383423722
0.9999824728362042,1.752716379602436e-05
0.9974150574583229,0.0025849425416768247
2.0569004521837412e-15,0.9999999999999979
0.05372147112130665,0.9462785288786935
0.9998075165684221,0.00019248343157807506
7.667131309362187e-13,0.9999999999992333
0.0,1.0
0.9999983434244636,1.6565755368418958e-06
2.0599107137224907e-232,1.0
0.9985709831415328,0.0014290168584672415
1.6378526627364436e-05,0.9999836214733726
0.999989538648356,1.0461351643866136e-05
0.9940520907447992,0.0059479092552008695
0.9999997430142652,2.569857351764411e-07
0.9999830837477383,1.691625226179482e-05
0.9999998466743081,1.5332569195908063e-07
4.234189201998054e-59,1.0
8.539906886226872e-224,1.0
0.9999640865437848,3.591345621479774e-05
0.9999903934283382,9.606571661636832e-06
0.9999896040605836,1.0395939416136042e-05
0.9999970377292565,2.9622707435714544e-06
0.999990854666384,9.145333615513437e-06
0.9999975660527003,2.4339472996899056e-06
0.2270990930945877,0.7729009069054125
0.9999989924097075,1.0075902933307405e-06
0.9999978119784433,2.188021557628051e-06
6.945985402426699e-71,1.0
0.99999853601325,1.4639867493849606e-06
0.9796406571501457,0.020359342849854342
0.9999969372288955,3.0627711042788173e-06
0.9994553943187418,0.0005446056812584862
0.9999980049573961,1.995042603995113e-06
0.999932645558924,6.735444107617358e-05
0.9999784530291024,2.1546970897327805e-05
0.9999888377098529,1.1162290146831331e-05
0.9999948366851819,5.163314818554229e-06
0.9999366348630485,6.336513695151083e-05
0.0,1.0
0.0,1.0
0.03862008522986856,0.9613799147701316
2.0410423975758166e-212,1.0
5.179860456531402e-24,1.0
7.072695945232088e-200,1.0
1.0873022634779098e-35,1.0
0.9994174898717345,0.0005825101282659447
1.3248364018465707e-150,1.0
5.966636521275628e-256,1.0
0.9999912713257857,8.728674214429703e-06
0.014171189814575068,0.9858288101854251
2.2401057947268737e-146,1.0
0.9984419124591977,0.0015580875408022473
0.9999911467254488,8.853274551154253e-06
0.0,1.0
0.0005513510129538388,0.9994486489870462
0.32665613758840295,0.673343862411597
4.960177379258874e-16,0.9999999999999996
0.990610317387079,0.009389682612920815
0.9999656565813968,3.4343418602829794e-05
0.9999987412959815,1.2587040182760566e-06
2.755328263799269e-78,1.0
0.0013068434963718414,0.9986931565036282
0.0,1.0
0.9999974940123305,2.5059876693429944e-06
1.8957264919924844e-227,1.0
0.9999943445051132,5.655494886444448e-06
0.999959325359288,4.067464071174027e-05
0.9999967857396809,3.2142603185100664e-06
1.8604089880270472e-98,1.0
3.0708337079065817e-97,1.0
0.9999309732693933,6.90267306064609e-05
1.8169667675493828e-246,1.0
0.9983665546967638,0.0016334453032363255
0.9997655695132067,0.00023443048679366868
3.858577537149055e-39,1.0
2.2694844171347493e-72,1.0
2.1027329990751628e-22,1.0
0.999998470843971,1.529156029157557e-06
0.9999973492404625,2.650759537835845e-06
9.610957803269527e-148,1.0
7.391458394383565e-21,1.0
0.0,1.0
0.9899863091992969,0.010013690800702793
0.0,1.0
0.9962961842656336,0.003703815734366357
1.2555370355920513e-08,0.9999999874446295
0.9969703051704346,0.0030296948295655533
0.0,1.0
0.005732738699275804,0.9942672613007243
0.9999931117686146,6.888231385426109e-06
2.8136373957304605e-56,1.0
0.9999970622593417,2.937740657634031e-06
1.3392249887186662e-137,1.0
6.577452675213754e-207,1.0
2.687104775674585e-76,1.0
0.020480911706507964,0.9795190882934921
0.9999978119784433,2.188021557628051e-06
0.9401083752307142,0.05989162476928582
7.183409516689158e-12,0.9999999999928166
7.492944453675479e-220,1.0
1.1864149877650682e-105,1.0
6.136604544959325e-11,0.999999999938634
8.161148140071368e-46,1.0
3.365993191318929e-55,1.0
4.0477128758885995e-33,1.0
2.5805179470651572e-161,1.0
0.9945426665042305,0.005457333495769388
5.164487883821514e-296,1.0
0.0,1.0
0.9999761705627568,2.3829437243318268e-05
0.9991041710562593,0.000895828943740908
1.0587595568546735e-15,0.9999999999999989
0.9999924291162494,7.570883750386594e-06
0.9999801701261257,1.9829873873459014e-05
0.9999823669758823,1.763302411813971e-05
0.0,1.0
0.0,1.0
0.9999928063447658,7.193655233920692e-06
0.9999948758536602,5.124146339980576e-06
0.22322486737532815,0.7767751326246727
3.9183218672682846e-08,0.9999999608167814
7.822398723850256e-177,1.0
0.9997839297906521,0.00021607020934788287
0.0,1.0
0.9999848750637301,1.5124936270225482e-05
1.6980884328963454e-252,1.0
0.9991308448339855,0.0008691551660141044
1.3120540655415237e-23,1.0
0.9969722152338042,0.003027784766195819
0.9999964955002144,3.504499785581454e-06
0.9998529851253314,0.00014701487466859984
0.9999956506307023,4.349369297760422e-06
1.2168672870205897e-173,1.0
2.0391067775281628e-123,1.0
1.731884170646305e-48,1.0
0.9999345896783921,6.541032160803426e-05
4.2993482119221336e-26,1.0
1.7151574324946514e-217,1.0
0.999999520319419,4.796805808341047e-07
2.2771240194512552e-10,0.9999999997722877
0.9999602873321815,3.971266781843913e-05
0.9999984037307805,1.5962692193561245e-06
0.9995239726476803,0.00047602735231968933
6.546566371015244e-05,0.9999345343362899
0.9999979640768654,2.0359231344839405e-06
0.9995243304072153,0.000475669592784835
4.838246906023762e-15,0.9999999999999951
7.658460412177667e-129,1.0
5.2479181990856e-146,1.0
2.3673382657503136e-41,1.0
0.9999991232288987,8.767711008893414e-07
0.9379817440196153,0.06201825598038467
0.9999980293385671,1.9706614325816066e-06
0.9999872497811819,1.275021881814528e-05
1.4450203451933581e-43,1.0
0.9999784530291024,2.1546970897327805e-05
0.9064880568177358,0.09351194318226418
0.9999994125232503,5.874767494679018e-07
9.848580444847691e-51,1.0
0.9999721718645936,2.7828135406432122e-05
0.8726136318124063,0.12738636818759377
1.187941000083955e-163,1.0
8.465080266058511e-23,1.0
7.765636620292365e-08,0.9999999223436337
2.9313142305300067e-124,1.0
1.3535927571880042e-96,1.0
0.9999921828653873,7.817134612984254e-06
0.0,1.0
0.999998026082348,1.9739176518497918e-06
0.9401083752307142,0.05989162476928582
0.9996033647854882,0.0003966352145114738
0.9999850064490287,1.49935509717047e-05
0.0,1.0
0.9999932358917086,6.764108291159044e-06
0.9686307813322821,0.0313692186677178
0.9999996616327973,3.383672027617219e-07
4.45376087353767e-137,1.0
2.2657179425419603e-103,1.0
0.9999519689489967,4.8031051003554856e-05
1.4257006182420068e-65,1.0
0.9993414764581223,0.0006585235418776294
0.9999372977129259,6.270228707418754e-05
0.9856225554663126,0.014377444533687458
0.9983174002852246,0.0016825997147754494
8.522915996568659e-298,1.0
0.9999607448875107,3.925511248945301e-05
9.608608618182158e-96,1.0
0.9999974717706527,2.528229347453176e-06
0.9987114219602723,0.0012885780397281722
0.9999528523010078,4.714769899252777e-05
0.9747784935685626,0.02522150643143752
0.9986939050535453,0.001306094946454713
0.9333622865521639,0.0666377134478361
7.667356801696953e-225,1.0
0.9999888346458732,1.1165354126713146e-05
4.779616593935336e-11,0.9999999999522038
0.0,1.0
1.672578200569999e-193,1.0
0.9999981235720697,1.8764279304065462e-06
0.9999970285096891,2.9714903109053364e-06
0.999963283490558,3.671650944238226e-05
6.2974215211860245e-87,1.0
1.103652539775909e-12,0.9999999999988964
0.965942357211894,0.03405764278810618
7.046921577476379e-05,0.9999295307842252
2.7826989563993824e-287,1.0
0.9999993059177694,6.940822309539006e-07
0.0,1.0
0.9998172499440875,0.00018275005591217178
0.9999979208973477,2.0791026521072623e-06
4.859790757923353e-35,1.0
0.9999986837441476,1.31625585221959e-06
0.8975621582270533,0.10243784177294674
0.991959093828509,0.00804090617149082
7.141738421769615e-61,1.0
0.9972920253379703,0.0027079746620296678
0.9999868222030064,1.3177796993275361e-05
1.6267680594845768e-183,1.0
3.5216675488343636e-06,0.9999964783324511
0.9999349252061378,6.507479386211368e-05
0.9974762799655338,0.002523720034466317
2.575546356347478e-156,1.0
4.117579102406048e-06,0.9999958824208977
0.9945148954398366,0.005485104560163285
0.9999824075468061,1.7592453194220595e-05
3.030447219399839e-40,1.0
0.9999208741363225,7.912586367706613e-05
0.9999896130754166,1.038692458363096e-05
0.9999988468411077,1.1531588915969309e-06
1.7749650177115771e-12,0.999999999998225
2.6029151364480818e-08,0.9999999739708486
8.500985643456192e-07,0.9999991499014357
8.908443283701378e-40,1.0
0.9999979791490805,2.0208509196923884e-06
0.9999985849046891,1.4150953116391152e-06
0.9999991685668849,8.31433114263236e-07
0.0,1.0
4.695054244014416e-05,0.9999530494575599
0.9999987362751472,1.2637248528688487e-06
2.555922559341091e-19,1.0
0.9999886357424699,1.1364257530132583e-05
0.9958559088458826,0.004144091154117513
4.17534602703545e-27,1.0
1.5391324570120759e-120,1.0
0.9999914452831076,8.55471689286785e-06
0.9999914679033567,8.532096643150868e-06
3.425871242519584e-247,1.0
0.9999861955546241,1.3804445376275726e-05
0.0,1.0
0.999983793292333,1.620670766684587e-05
0.9999965750721027,3.4249278972723663e-06
0.9961371620794258,0.0038628379205740034
2.7599574756825927e-25,1.0
3.8132554954211463e-14,0.9999999999999619
0.0,1.0
0.7709814615213406,0.2290185384786594
0.9996295391880672,0.0003704608119325084
2.0373346519541684e-28,1.0
0.9999396396034184,6.0360396581316924e-05
0.999995299563503,4.700436496673575e-06
0.9999927035783743,7.296421625281053e-06
1.4562436635907626e-14,0.9999999999999853
0.9999582016537325,4.179834626708802e-05
4.342694142670324e-276,1.0
2.8807144585614944e-99,1.0
3.974426042350661e-05,0.9999602557395767
0.0,1.0
0.0,1.0
2.8020572857852414e-55,1.0
4.819177780809723e-132,1.0
0.9999934503582087,6.549641791399017e-06
0.9998258846843792,0.00017411531562092617
0.9999979106958458,2.0893041544288296e-06
0.9420665983340235,0.057933401665976415
0.9999967089376897,3.291062310331699e-06
1.7208826177949168e-280,1.0
0.9999954673998288,4.532600171282985e-06
0.9997925476122851,0.0002074523877147629
0.9999971766090502,2.823390949445903e-06
0.9992590034030906,0.000740996596909742
0.99999913812949,8.618705102222964e-07
0.0,1.0
1.3878604556576005e-16,1.0
2.362418906776765e-34,1.0
7.742780310894444e-101,1.0
1.6078294055155468e-10,0.9999999998392171
6.563046900935656e-203,1.0
0.9999991385615628,8.614384370365634e-07
0.9999988063777181,1.193622281840825e-06
0.9999996787110775,3.2128892263016524e-07
1.8075392722900556e-22,1.0
0.9999961510225112,3.848977488864013e-06
4.499007793349048e-58,1.0
0.9999955889877951,4.411012204882211e-06
0.0,1.0
1.0110026370211549e-47,1.0
0.9999874850329652,1.2514967034608758e-05
0.9998618677579749,0.00013813224202520395
6.149727778658411e-05,0.9999385027222134
0.9999472691494845,5.273085051541355e-05
0.9999739408434825,2.6059156517657676e-05
1.516976990047909e-60,1.0
0.9943790761262165,0.005620923873783722
3.949010026169919e-13,0.9999999999996051
0.8518435904269406,0.1481564095730594
0.0,1.0
1.0406941635135734e-238,1.0
0.9999851774696205,1.4822530379679223e-05
1.5393142075406894e-223,1.0
0.9999926852724731,7.3147275265138235e-06
1.065765384978354e-08,0.9999999893423461
3.7008792658930677e-134,1.0
0.999997962739871,2.037260128958509e-06
0.9999820732816856,1.7926718314737167e-05
4.28140258226873e-23,1.0
0.99999928837957,7.116204298633621e-07
0.0,1.0
0.0,1.0
2.41713761811442e-303,1.0
0.9953865308505843,0.004613469149415902
0.9999659728888838,3.4027111115968726e-05
0.9952493759950012,0.004750624004998839
0.999993118085606,6.88191439364864e-06
4.2993482119221336e-26,1.0
3.5791249418507835e-97,1.0
0.999997059544324,2.940455675922726e-06
0.9999903934283382,9.606571661636832e-06
0.9999917020700013,8.297929998343896e-06
8.625511500261978e-249,1.0
0.0012696572844695692,0.9987303427155305
4.373096899960816e-242,1.0
0.07769972566330494,0.922300274336695
3.511816515723929e-80,1.0
0.9629316132647477,0.03706838673525211
0.9999950170539531,4.982946047273222e-06
0.9977116787134849,0.002288321286515093
0.2280189776245898,0.7719810223754102
0.9981798796491756,0.0018201203508243938
5.425087968491437e-137,1.0
2.5199547416123e-09,0.9999999974800453
2.7993800764607494e-184,1.0
0.9999823898076545,1.7610192345435422e-05
6.881265192524001e-45,1.0
5.156009649598229e-26,1.0
0.0,1.0
1.0390148907138876e-127,1.0
0.9888474997772937,0.011152500222706103
0.9999975067259856,2.493274014130136e-06
0.0010609182822059807,0.9989390817177941
0.9999971577422115,2.8422577887391473e-06
0.9995873481339302,0.0004126518660698265
0.9999967063959552,3.2936040440936873e-06
0.994932511505679,0.00506748849432109
0.9999961077252936,3.892274706660721e-06
1.6158155545889266e-05,0.9999838418444541
0.0002789766599708294,0.9997210233400291
0.999997295311058,2.7046889416918007e-06
0.000634485270694731,0.9993655147293052
1.5251701639910501e-37,1.0
0.9999906745007892,9.325499211052805e-06
3.140754107288833e-29,1.0
0.9999983601314221,1.6398685780893833e-06
1.1722461209023508e-162,1.0
0.9999861379104883,1.3862089511551082e-05
0.9986450485469303,0.0013549514530700026
0.9999840772277365,1.592277226341564e-05
0.9988541602815671,0.0011458397184328094
1.0411990621926369e-53,1.0
1.0956666480993127e-159,1.0
0.9999951786996435,4.821300356252337e-06
0.9952493759950012,0.004750624004998839
0.9999893922754184,1.060772458172187e-05
0.9999443508537663,5.564914623367633e-05
0.9998956210151208,0.00010437898487951529
2.0440746991206364e-22,1.0
0.9999981015492443,1.8984507563812904e-06
0.9999951997339424,4.800266057596661e-06
1.8701201519341586e-127,1.0
2.9334601262432728e-18,1.0
0.9991014704821007,0.000898529517899446
0.9998223216879922,0.00017767831200763171
0.5898375722750766,0.41016242772492334
0.9999896218839651,1.03781160347601e-05
6.238137911170927e-224,1.0
1.1683177233194147e-32,1.0
0.9999853793003758,1.4620699624611068e-05
0.9999963740013632,3.625998636935803e-06
5.296966434383315e-147,1.0
0.9999928063447658,7.193655233920692e-06
0.9436010672087302,0.05639893279126986
0.9999959470361052,4.052963894905579e-06
0.3025794716156074,0.6974205283843926
0.9999866712224468,1.3328777553463355e-05
1.0563314813812857e-100,1.0
2.555922559341091e-19,1.0
1.0580661128192018e-73,1.0
0.0,1.0
0.999961133172681,3.886682731930435e-05
0.010287490894019058,0.9897125091059809
0.9999905993990666,9.400600933260835e-06
4.0477128758885995e-33,1.0
3.2810161662469206e-102,1.0
0.9999334312917868,6.656870821322154e-05
0.0,1.0
0.0,1.0
0.999997841358214,2.158641785615361e-06
6.675810801921414e-173,1.0
3.7981532139170483e-97,1.0
0.0,1.0
1.7111675345827092e-227,1.0
0.9999990889336818,9.110663182689803e-07
7.896111736710853e-11,0.9999999999210388
1.1825039461783e-159,1.0
0.16236687851775872,0.8376331214822413
0.9999980968429449,1.903157054967952e-06
4.170294354045188e-118,1.0
0.9999970242917396,2.9757082609096177e-06
0.9999918200873805,8.179912619434915e-06
1.7896745663778513e-37,1.0
6.929466455687319e-64,1.0
0.999994383596208,5.616403792191957e-06
0.9978737467882011,0.002126253211798752
5.79434012736e-312,1.0
4.272918062008575e-304,1.0
0.9996277363639168,0.00037226363608329434
0.9999323473009908,6.76526990093478e-05
0.9998857394164518,0.00011426058354843891
9.561321451264492e-30,1.0
0.9999105504762817,8.94495237178865e-05
0.9996417393847697,0.0003582606152304637
0.9999865193120396,1.3480687960037285e-05
2.4502270473673183e-73,1.0
0.9931787783579958,0.006821221642004124
6.634591346946976e-13,0.9999999999993365
0.0,1.0
0.9999559849477818,4.401505221779416e-05
3.798717917523173e-111,1.0
0.9999953806189895,4.619381010186453e-06
4.680435889004161e-134,1.0
0.9983729444229756,0.0016270555770243936
1.7204622835528012e-67,1.0
3.302726408457052e-05,0.999966972735915
0.9999988887146156,1.1112853840217505e-06
0.14469651027936356,0.8553034897206365
0.9999989368233576,1.0631766428450227e-06
3.272270181336302e-114,1.0
0.9999988393490215,1.1606509782898833e-06
4.2227253405249975e-207,1.0
0.0,1.0
5.926280434839591e-177,1.0
4.634730589398378e-48,1.0
0.9999928549249607,7.145075039445956e-06
0.9999956759801242,4.324019875495393e-06
1.1781845478530494e-264,1.0
0.0009197811533036356,0.9990802188466965
9.292665378527355e-98,1.0
0.9999970828633074,2.9171366922659032e-06
0.6049469838615175,0.3950530161384824
6.393139605402132e-116,1.0
1.0461858682695792e-306,1.0
4.860721654845566e-05,0.9999513927834516
0.9999910999417551,8.900058245300558e-06
0.9999987855787806,1.214421219263223e-06
0.0009029053443512394,0.999097094655649
0.0,1.0
0.9999950780346526,4.921965347966507e-06
5.128949498453707e-39,1.0
0.9999984270525236,1.5729474762971388e-06
1.5773620949785334e-08,0.999999984226379
0.9999761774160224,2.382258397801355e-05
0.999999137874909,8.621250910973069e-07
3.792210212199394e-35,1.0
6.894024973408418e-303,1.0
8.792531887534672e-39,1.0
3.6024877298253216e-278,1.0
0.0,1.0
0.9980846244828837,0.0019153755171163662
0.9995824287836138,0.0004175712163858235
1.309182684242938e-37,1.0
0.9999898932855074,1.010671449249223e-05
0.9763036191439604,0.023696380856039725
0.9999943100218536,5.689978146026273e-06
0.0,1.0
2.2553569405989446e-13,0.9999999999997744
0.9557705919004165,0.04422940809958345
0.0,1.0
0.0,1.0
0.9999978931659868,2.106834014081575e-06
5.18995753887778e-10,0.999999999481004
9.058078871660756e-97,1.0
0.9991355595563781,0.0008644404436220042
0.9999921618717547,7.838128245709183e-06
0.0,1.0
7.357467774802441e-258,1.0
8.432091064523221e-10,0.9999999991567909
0.9999930078886705,6.99211132967374e-06
0.9999979359060078,2.0640939922928295e-06
7.209070209277356e-05,0.9999279092979072
0.999916224874107,8.377512589291585e-05
0.05375832941840972,0.9462416705815903
4.093563877344396e-121,1.0
1.2756477771841356e-71,1.0
0.999990662389028,9.33761097209913e-06
0.9999926015067284,7.398493271528705e-06
0.9999899220191499,1.007798085028675e-05
6.783566849090366e-138,1.0
4.745965907730053e-256,1.0
5.5450159538880506e-244,1.0
0.0,1.0
1.8856190935268098e-64,1.0
5.701806143943389e-15,0.9999999999999947
0.9999986540968242,1.345903175832318e-06
0.9998778459565472,0.0001221540434524647
0.9999940582998373,5.941700163098272e-06
0.9999984021792836,1.597820716524881e-06
0.9999919949445437,8.005055456207682e-06
4.3680250159270485e-39,1.0
3.628727e-316,1.0
1.73639666796e-310,1.0
7.838039868711279e-39,1.0
0.9999987493415472,1.2506584527902491e-06
4.4096359355322076e-169,1.0
9.307169520136434e-276,1.0
1.5620407287565245e-205,1.0
8.83731207983893e-11,0.9999999999116269
0.9999192472739552,8.075272604461235e-05
0.9357868989595213,0.06421310104047882
0.9999795804720348,2.0419527965049008e-05
0.999975819515641,2.418048435860613e-05
2.9988841140533447e-27,1.0
0.9999983783792364,1.621620763193012e-06
0.0034857057980105235,0.9965142942019896
4.998526538781423e-09,0.9999999950014735
0.9999927834369612,7.216563039178672e-06
0.9999918438806022,8.156119397694564e-06
1.1612792719540394e-271,1.0
0.999990408036215,9.591963785055812e-06
0.9999988536423394,1.146357660483909e-06
3.1329906818533424e-73,1.0
0.9998587851420383,0.0001412148579615427
1.6739458024714588e-196,1.0
4.8249220874616705e-140,1.0
2.0314514687793482e-29,1.0
0.9999872071593371,1.2792840662840122e-05
0.9999309732693933,6.90267306064609e-05
0.9983545810370917,0.0016454189629083176
4.729336012219979e-10,0.9999999995270664
5.992380368739502e-216,1.0
0.0,1.0
0.04982018496925722,0.9501798150307428
9.165307188488301e-162,1.0
0.9999987274916716,1.2725083275799672e-06
0.976577157380707,0.023422842619292963
5.4729277533211306e-173,1.0
0.9999914452831076,8.55471689286785e-06
4.613132745922923e-33,1.0
0.0,1.0
0.9999879077450485,1.2092254950995425e-05
0.9999728597740142,2.7140225985967398e-05
0.999930846773428,6.915322657194676e-05
3.015079093428e-311,1.0
1.2672226719590364e-18,1.0
1.991833482777548e-57,1.0
2.2229595088786215e-234,1.0
1.8858121757857077e-199,1.0
2.288148528832601e-110,1.0
0.9999830122607836,1.6987739216763995e-05
0.9991014704821007,0.000898529517899446
0.7672828801614379,0.23271711983856222
0.9999669807883134,3.301921168642656e-05
7.070620335262369e-140,1.0
1.3269382712073547e-08,0.9999999867306171
0.9999634197482896,3.65802517101295e-05
0.9999815728583735,1.8427141626857203e-05
0.9982991580302866,0.0017008419697134658
0.9999101780014902,8.982199851000416e-05
0.9999840772277365,1.592277226341564e-05
0.0,1.0
0.9995659003246544,0.0004340996753458502
0.9545647288717211,0.04543527112827903
0.9999920011944028,7.998805597305384e-06
0.9998612326777131,0.0001387673222867424
9.032567433551846e-11,0.9999999999096745
0.9999744442111362,2.5555788863849567e-05
0.00218359997625429,0.9978164000237457
0.0,1.0
0.999982646753331,1.7353246669041087e-05
0.0,1.0
0.0,1.0
0.9999878743268884,1.2125673111133136e-05
9.302912880029569e-27,1.0
3.432904386456904e-61,1.0
0.021777279137237596,0.9782227208627624
0.905662690217117,0.09433730978288314
0.9919128772695155,0.008087122730484434
0.9999983595884875,1.640411512524039e-06
0.999996775312585,3.2246874148259292e-06
0.9995370618756266,0.0004629381243733209
0.9999921444592226,7.855540777763976e-06
0.9999935726494931,6.427350506895558e-06
0.999997645838511,2.3541614886944373e-06
6.385220592184366e-244,1.0
3.755269295886225e-07,0.9999996244730703
0.9567665781335508,0.04323342186644901
1.281205831872844e-09,0.9999999987187942
0.0,1.0
0.9999290198149265,7.098018507298726e-05
0.0,1.0
2.6149994803466613e-18,1.0
1.1319071624766545e-296,1.0
0.9999979640768654,2.0359231344839405e-06
0.9999691500228035,3.084997719632257e-05
0.9999972987204166,2.7012795833001385e-06
0.9999902177076033,9.782292396933533e-06
0.9999990419904589,9.580095410342506e-07
0.9999933683585506,6.63164144998992e-06
0.9999871582350902,1.2841764909538237e-05
0.999785275926294,0.00021472407370585927
7.375287501302228e-151,1.0
9.596420474752414e-87,1.0
0.9999784020063042,2.1597993696048484e-05
0.9999969686956972,3.031304303254177e-06
0.9999836503506664,1.6349649334047434e-05
4.061651088016885e-16,0.9999999999999996
0.9999930920366916,6.9079633082041875e-06
3.894871942513412e-31,1.0
8.766063237466838e-28,1.0
0.9999716124773613,2.8387522638531887e-05
1.0995772531730528e-83,1.0
0.00019178155699378267,0.9998082184430063
0.17864982575865043,0.8213501742413495
1.24470866652077e-38,1.0
1.4977301681952268e-10,0.999999999850227
0.9999946110839332,5.388916066575146e-06
7.201831526308605e-308,1.0
2.797277899172586e-14,0.999999999999972
3.1537536653348813e-221,1.0
0.9999976766178368,2.323382163306774e-06
0.9999857614491021,1.4238550897710122e-05
0.003013794281229077,0.9969862057187708
0.999941414404941,5.8585595058756985e-05
0.9999130473105442,8.695268945622546e-05
4.877443803129938e-64,1.0
0.0,1.0
5.377658076668395e-109,1.0
0.9999965879061233,3.4120938766772085e-06
0.05077740976584766,0.9492225902341523
4.81128544568735e-108,1.0
0.999986914591601,1.308540839906903e-05
0.9999967062243774,3.293775622595731e-06
0.9999745317640665,2.5468235933182666e-05
2.207858395931151e-283,1.0
1.4450203451933581e-43,1.0
1.682715172862766e-55,1.0
2.4588978468997453e-54,1.0
0.9999816005799508,1.8399420048705177e-05
0.9892005862115152,0.010799413788484863
7.072695945232088e-200,1.0
0.9999900172234405,9.982776559092807e-06
2.3673382657503136e-41,1.0
3.89645880178544e-127,1.0
0.9998658504800815,0.0001341495199186486
0.0,1.0
0.9999857601815111,1.4239818488823518e-05
0.9999976986499628,2.3013500375509026e-06
0.4924916818274844,0.5075083181725157
3.372675483779607e-09,0.9999999966273245
0.999994383596208,5.616403792191957e-06
2.335127945102052e-12,0.999999999997665
1.5978606661217022e-237,1.0
1.3064882801998361e-08,0.9999999869351172
0.9999960407361497,3.959263850666561e-06
0.9999669456842184,3.305431578172128e-05
0.9999771788438963,2.2821156103415446e-05
0.9997829495229743,0.0002170504770256956
0.9999603281980927,3.9671801907003555e-05
0.0002576147579265831,0.9997423852420734
0.9582132551487834,0.04178674485121633
2.687104775674585e-76,1.0
1.6046539371834182e-306,1.0
3.522286415620198e-46,1.0
8.223063315766737e-67,1.0
1.1744820404896087e-244,1.0
0.9999267452045919,7.325479540808899e-05
0.9999959151191118,4.084880887750956e-06
0.5713203642759815,0.42867963572401824
0.9999958135686636,4.1864313362267994e-06
0.9714488549299928,0.028551145070007354
1.1998760811148402e-125,1.0
4.061651088016885e-16,0.9999999999999996
0.9999946331127569,5.366887243013272e-06
1.1881288636876598e-229,1.0
0.9999354313122083,6.456868779207184e-05
0.0,1.0
0.0,1.0
0.9999964109423406,3.5890576594219214e-06
5.6848520229068566e-36,1.0
0.9999974099137582,2.590086241687287e-06
6.949077773376675e-174,1.0
0.9999935535437667,6.4464562332484525e-06
0.9999988285159805,1.1714840193188159e-06
0.9995659003246544,0.0004340996753458502
0.0003552076147240437,0.999644792385276
0.9987862484113597,0.0012137515886399193
0.0,1.0
0.0007058014695573492,0.9992941985304427
2.5847745622238455e-45,1.0
0.9999985301283385,1.4698716616360164e-06
0.9986872760323822,0.0013127239676180298
0.8056077715294114,0.1943922284705885
3.5347528002744475e-45,1.0
0.9999980120770029,1.987922997350921e-06
7.762802982993578e-45,1.0
1.931697521700714e-304,1.0
0.9999937214170868,6.278582913392247e-06
0.9999682192865313,3.1780713468402655e-05
0.9999991418241306,8.581758696661815e-07
0.9999361103913105,6.388960868989101e-05
1.1771452391254957e-17,1.0
0.9999230149924715,7.698500752871793e-05
4.85679793803314e-287,1.0
6.00459433311565e-07,0.9999993995405667
0.0,1.0
3.627129644252148e-156,1.0
0.9999998804811385,1.1951886147065798e-07
0.9999982469786293,1.7530213703422708e-06
0.0,1.0
3.998524877695026e-39,1.0
0.9999905759141965,9.42408580310927e-06
8.944188580166157e-200,1.0
0.13020541968685412,0.8697945803131458
0.03854720294918698,0.961452797050813
0.9999903058147382,9.694185261413948e-06
0.9826877511278087,0.017312248872191318
0.9998129272592599,0.00018707274074015323
0.9999975600423574,2.4399576424487477e-06
0.9999985203214838,1.4796785157053782e-06
0.9999540889460434,4.591105395637363e-05
0.9999550521604834,4.494783951674501e-05
7.768034831451054e-12,0.999999999992232
2.5127109654498262e-211,1.0
0.9999921993647926,7.800635207727038e-06
0.9999829528304383,1.704716956190326e-05
0.9929756327041334,0.007024367295866776
0.9999492054797319,5.079452026774538e-05
0.9999936414103018,6.358589697886255e-06
0.0,1.0
0.9998791343077958,0.00012086569220415211
0.03854720294918698,0.961452797050813
0.9999985849046891,1.4150953116391152e-06
0.9999931872958465,6.812704153798786e-06
0.9999919118073277,8.08819267217511e-06
0.9999982156211016,1.7843788980150563e-06
2.117976438768687e-09,0.9999999978820235
0.9991894717590916,0.0008105282409087588
0.0,1.0
0.9379381502320855,0.062061849767914505
0.8133226244221395,0.18667737557786038
9.17396265156279e-262,1.0
0.9999988238618218,1.1761381785282507e-06
0.9999952131407075,4.78685929237316e-06
1.7111675345827092e-227,1.0
6.541070989956498e-164,1.0
4.1656367157327617e-308,1.0
0.9999982262790087,1.7737209910760386e-06
0.0007190738646312712,0.9992809261353687
6.8383127466046e-69,1.0
2.6446992097408714e-26,1.0
1.0293519673168346e-218,1.0
1.0401976324250557e-08,0.9999999895980236
0.0,1.0
0.0,1.0
0.9886111851617428,0.011388814838256997
9.787478607152643e-14,0.9999999999999021
0.9986809927237313,0.0013190072762686745
0.999979110942352,2.0889057648344065e-05
0.47916609023905843,0.5208339097609416
0.999932645558924,6.735444107617358e-05
0.9999879330064846,1.2066993515104077e-05
0.9999618655632729,3.8134436727138046e-05
3.789685956978455e-33,1.0
1.711022526199353e-21,1.0
3.2231489919364725e-252,1.0
8.944188580166157e-200,1.0
0.9999922727558009,7.727244199471629e-06
2.7142888018404777e-257,1.0
0.9999943786540868,5.621345913331825e-06
0.9999918992855187,8.100714481318265e-06
0.0,1.0
2.1182151256750516e-267,1.0
0.9984559457324076,0.0015440542675923777
0.9999489699574433,5.1030042556582015e-05
7.252220644355115e-14,0.9999999999999275
1.594790848065855e-07,0.9999998405209153
0.9999951461267325,4.853873267532212e-06
0.9997344737747285,0.0002655262252713001
3.1627807904161908e-24,1.0
0.9747784935685626,0.02522150643143752
2.63266176390809e-22,1.0
0.9999986540968242,1.345903175832318e-06
0.9999495326930338,5.046730696581753e-05
5.04312787804101e-151,1.0
0.9999599342302772,4.0065769722992365e-05
0.9999932548122112,6.7451877888204975e-06
0.9999920472284821,7.952771518194869e-06
0.05248083717183585,0.9475191628281642
0.0,1.0
0.9999957748084185,4.225191581790956e-06
8.227534746944149e-255,1.0
0.13369303769992197,0.8663069623000781
0.9999974332115213,2.566788478531768e-06
0.9999980551805596,1.9448194410363658e-06
7.822398723850256e-177,1.0
0.9999988468411077,1.1531588915969309e-06
0.9859323735516551,0.014067626448344762
3.248125388030952e-06,0.9999967518746121
9.33951984964196e-237,1.0
0.8144748371568384,0.18552516284316117
0.9999989386371461,1.061362853852967e-06
3.1049934600766097e-12,0.999999999996895
0.003142973631717875,0.9968570263682821
4.339412220635331e-09,0.9999999956605876
0.17881215013714238,0.8211878498628576
0.0,1.0
0.9999916132501478,8.386749852570145e-06
0.9999827174492233,1.728255077630698e-05
2.708130606107085e-31,1.0
0.9999994098923697,5.901076302498135e-07
0.0,1.0
0.9999958051103442,4.194889655905532e-06
9.882117756969657e-262,1.0
0.9899863091992969,0.010013690800702793
2.4791081966498924e-194,1.0
2.403763804276703e-20,1.0
0.9998521960557971,0.000147803944202548
